universidad nacional de colombia - sede bogotá;76
universidad intrnacional de la rioja (unir);244
universidad intrnacional de la rioja (unir);244
escuela de logistica del ejercito nacional de colombia;3331
escuela colombiana de ingenieria julio garavito;39
universidad pedagógica y tecnológica de colombia;85
sin información;1
agencia nacional del espectro;2
consejo profesional de ingeniería química de colombia;3
cámara de comercio de bogotá;4
asociación de ingenieros javerianos;5
fundación universidad de américa;6
fundación de egresados universidad distrital;7
corporación universitaria minuto de dios;8
grupo sayros;9
instituto técnico nacional de comercio;10
departamento administrativo de ciencia, tecnología e innovación;11
cisco systems;12
colegio de la presentacion;13
certiprof;14
colegio americano de bogotá;15
canadian bureau for international education;16
secretaria distrital de ambiente;17
colegio la presentación;18
box hill institute;19
uribe torres consultores;20
asociación de armadores de colombia;21
asociación nacional de estudiantes de ingeniería civil;22
international software quality institute;23
centro de investigación y de estudios avanzados del ipn;24
colegio de estudios superiores de administración;25
escuela de administración de negocios;26
escuela superior de administración pública;27
colegio mayor de nuestra señora del rosario;28
eawag - eth zurich;29
acca software;30
red colombiana de semilleros de investigación;31
comision nacional de grados cientificos;32
instituto alberto merani;33
fundación universitaria san martín;34
fundación universidad autónoma de colombia;35
pontificia universidad javeriana;36
"escuela naval de cadetes ""almirante padilla""";37
colegio institución educativa distrital externado nacional camilo torres;38
escuela colombiana de ingeniería julio garavito;39
universidad autónoma de bucaramanga;40
aalborg university;41
deejay academy bogotá;42
deutscher akademischer austauschdienst;43
corporación social de cundinamarca;44
coordenação de aperfeiçoamento de pessoal de nível superior;45
consulado de colombia en madrid;46
consejo superior de investigaciones científicas;47
ministerio de educación nacional de colombia;48
instituto técnico industrial piloto;49
inter-american development bank;50
universidad tecnológica de la habana josé antonio echeverría;51
conselho nacional de desenvolvimento científico e tecnológico;52
institución educativa académico de paipa;53
institute of electrical and electronics engineers;54
tekla;55
instituto colombiano para el fomento de la educación superior;56
politécnico union europea;57
heinrich-böll-stiftung;58
instituto tecnológico y de estudios superiores de monterrey;59
technische universität münchen;60
simposio iberoamericano de adsorción;61
universidad autónoma de occidente;62
universidad nacional autónoma de méxico;63
master builders solutions;64
universidad autónoma de manizales;65
universidad del bosque;66
universidad de nariño;67
universidad distrital francisco josé de caldas;68
universidad francisco de paula santander;69
universidad del cauca;70
universidad de cundinamarca;71
universidad colegio mayor de cundinamarca;72
fundación universitaria panamericana;73
corporación universitaria autónoma de nariño;74
corporación universitaria autónoma del cauca;75
universidad nacional de colombia - sede bogotá;76
universidad nacional de colombia - sede medellín;77
universidad nacional de colombia - sede manizales;78
universidad nacional de colombia - sede palmira;79
universidad nacional de colombia - sede amazonía;80
universidad nacional de colombia - sede caribe;81
universidad nacional de colombia - sede orinoquía;82
universidad nacional de colombia - sede tumaco;83
universidad nacional de colombia - sede la paz;84
universidad pedagógica y tecnológica de colombia;85
universidad autónoma del caribe;86
universidad autónoma de madrid;87
universidad autonoma del estado de morelos;88
asociación nacional de industriales;89
centro brasileiro de pesquisas físicas;90
universidad antonio nariño;91
universidad politécnica de valencia;92
universidad piloto de colombia;93
universidad de los andes;94
aec-on soluciones;95
instituto cooperativo agroindustrial;96
asociación colombiana red académica de diseño;97
institut supérieur de l'aéronautique et de l'espace;98
servicio nacional de aprendizaje;99
colegio inem - luis lópez de mesa;100
international telecommunication union;101
universidad de los llanos;102
universidad de antioquia;103
corporación universitaria de ibagué;104
universidad cooperativa de colombia;105
universidad militar nueva granada;106
universidad libre de colombia;107
universidad manuela beltrán;108
corporación universitaria de colombia ideas;109
universidad jorge tadeo lozano;110
universidad industrial de santander;111
instituto colombiano de estudios superiores de incolda;112
corporación universitaria del huila;113
corporación universitaria del meta;114
universidad santo tomás;115
corporación universitaria rafael núñez;116
corporación universitaria unitec;117
corporación unificada nacional de educación superior;118
corporación universitaria de la costa;119
corporación universitaria remington;120
corporación instituto tecnológico de la seguridad;121
universidad nacional de colombia;122
fundación universidad central;123
fundación universitaria konrad lorenz;124
fundación universitaria los libertadores;125
escuela de ingenieros militares;126
universidad católica de colombia;127
ingeniería alfa;128
universidad de la sabana;129
universidad de san buenaventura;130
escuela de administración, finanzas e instituto tecnológico;131
universidad tecnológica de pereira;132
universidad pontificia bolivariana;133
eadic;134
corporación universitaria de ciencia y desarrollo;135
corporación universitaria de ciencias aplicadas y ambientales;136
corporación universitaria republicana;137
corporación tecnológica de bolívar;138
dirección nacional de escuelas - policía nacional;139
escuela colombiana de carreras industriales;140
escuela militar de aviación marco fidel suárez;141
escuela tecnológica instituto técnico central;142
fundación universidad del norte;143
fundación universitaria agraria de colombia;144
fundación universitaria cafam;145
fundación universitaria de boyacá;146
fundación universitaria internacional del trópico americano;147
fundación universitaria juan de castellanos;148
db engineering & consulting gmbh;149
fundación universitaria tecnológico comfenalco;150
fundación universitaria de envigado;151
institución universitaria politécnico grancolombiano;152
instituto colombiano de aprendizaje;153
instituto tecnológico metropolitano;154
politécnico colombiano jaime isaza cadavid;155
universidad católica de manizales;156
universidad católica de oriente;157
universidad católica de pereira;158
bim design hub;159
universidad de caldas;160
universidad de cartagena;161
universidad de córdoba;162
universidad de la amazonía;163
universidad de la guajira;164
universidad de la salle;165
universidad de la salle;165
universidad de medellín;166
universidad de pamplona;167
universidad de santander;168
universidad de sucre;169
universidad del atlántico;170
universidad del magdalena;171
universidad del quindío;172
universidad sinú;173
universidad del tolima;174
universidad del valle;175
universidad externado de colombia;176
instituto triángulo;177
universidad incca de colombia;178
universidad la gran colombia;179
universidad nacional abierta y a distancia;180
universidad pedagógica nacional;181
universidad popular del cesar;182
universidad santiago de cali;183
universidad sergio arboleda;184
universidad simón bolívar;185
universidad surcolombiana;186
universidad tecnológica del chocó;187
coventry university;188
universität stuttgart;189
duke university;190
école centrale des arts et manufactures;191
école polytechnique fédérale de lausanne;192
eidgenössische technische hochschule zürich;193
george washington university;194
göteborgs universitet;195
instituto israelí de tecnología;196
humboldt-universität zu berlin;197
cltp tasmania;198
imperial college of science, technology and medicine;199
rensselaer polytechnic institute;200
московский технический университет связи и информатики;201
российский государственный университет нефти и газа имени и. м. губкина;202
international institute for geo-information science and earth observation;203
北海道工業技術研究所;204
institut national des sciences appliquées de lyon;205
leviton manufacturing company inc.;206
london school of economics and political science;207
lunds universitet;208
massachusetts institute of technology;209
michigan state university;210
microsoft corporation;211
ohio state university;212
philips colombiana s.a.s.;213
politecnico di milano;214
politecnico di torino;215
purdue university;216
leolabs;217
state university of new york;218
stockholms universitet;219
syracuse university;220
technische universität berlin;221
university of manchester;222
university of warwick;223
universidad carlos iii de madrid;224
universidad complutense de madrid;225
universidad de alicante;226
universidade de brasília;227
universidad de cantabria;228
universidad de cienfuegos;229
universidad de granada;230
university of illinois at urbana–champaign;231
российский университет дружбы народов;232
universidad de las palmas de gran canaria;233
university of michigan;234
universidad de navarra;235
universidade de são paulo;236
universidad de sevilla;237
東京大学;238
universidad de zaragoza;239
київський національний університет імені тараса шевченка;240
московский государственный университет имени м. в. ломоносова;241
gottfried wilhelm leibniz universität hannover;242
universidad internacional de andalucía;243
universidad internacional de la rioja;244
universidad internacional menéndez pelayo;245
universidad mariana;246
universidad nacional de la plata;247
universidad nacional de san juan;248
universitat politècnica de catalunya;249
universidad politécnica de madrid;250
universidad pontificia de salamanca;251
universidad rey juan carlos;252
universidade do porto;253
universidade estadual de campinas;254
universidade federal de santa catarina;255
universidade federal de são paulo;256
universidade federal do pará;257
universidade federal do rio de janeiro;258
universidade federal fluminense;259
universitat de barcelona;260
katholische universität eichstätt-ingolstadt;261
karlsruher institut für technologie;262
universität kassel;263
université de genève;264
université paris-sud;265
université de toulouse ii - le mirail;266
université toulouse-iii-paul-sabatier;267
université grenoble alpes;268
université paris 1 panthéon-sorbonne;269
carnegie mellon university;270
university of akron;271
westfälische wilhelms-universität münster;272
university of california;273
university of connecticut;274
university of delaware;275
university of kansas;276
university of leeds;277
university of leicester;278
university of london;279
university of louisville;280
university of memphis;281
university of minnesota;282
university of new hampshire;283
universidad de nuevo méxico;284
university of notre dame du lac;285
university of reading;286
北京科技大學;287
instituto pedagógico arturo ramírez montúfar;288
university of sheffield;289
university of stirling;290
university of utah;291
university of wales;292
university of waterloo;293
university of western australia;294
western sydney university;295
uppsala universitet;296
adama colombia s.a.s.;297
comware s.a.;298
contactamos servicios ltda.;299
deutsches zentrum für luft- und raumfahrt;300
empresa de acueducto y alcantarillado de bogotá;301
non plus ultra s.a.;302
exsis software y soluciones s.a.s.;303
the linde group;304
hidroconsulta s.a.s.;305
chalver laboratorios s.a.;306
nutrianálisis ltda.;307
technische universität ilmenau;308
un cuarto tech s.a.s.;309
bauberatungszentrum süd gmbh & co.;310
university of luxemburgo;311
università degli studi di napoli federico ii;312
university of cambridge;313
centro colombo americano;314
marti gmbh deutschland;315
cornell university;316
école nationale supérieure en génie des systèmes et de l'innovation;317
école nationale supérieure des mines de nancy;318
école nationale supérieure des mines de nantes;319
école nationale d'ingénieurs de brest;320
école nationale supérieure de l'électronique et de ses applications;321
école nationale supérieure d'arts et métiers;322
école nationale supérieure des industries chimiques;323
ed. züblin ag;324
eiffage;325
école nationale supérieure d'ingénieurs de poitiers;326
école nationale supérieure de physique, électronique, matériaux;327
escuela de suboficiales de la fuerza aérea colombiana;328
école nationale d'ingénieurs de saint‑etienne;329
british council - colombia;330
educational testing service;331
friedrich-alexander-universität erlangen-nürnberg;332
institut nationale polytechnique de grenoble;333
hochschule für technik wirtschaft und medien offenburg;334
institut national des sciences appliquées;335
institut national des sciences appliquées de strasbourg;336
institut national des sciences appliquées de toulouse;337
institut national des sciences appliquées de rouen normandie;338
institut national polytechnique de toulouse;339
numatic international gmbh;340
pontificia universidad católica de chile;341
pontifícia universidade católica do rio de janeiro;342
smart training society s.a.s;343
technische hochschule ingolstadt;344
technische universität darmstadt;345
technische universität dresden;346
télécom paris tech;347
universitaria agustiniana;348
universidad católica andrés bello;349
pontifícia universidade católica de minas gerais;350
university of alberta;351
universidad de buenos aires;352
university of oklahoma;353
university of wisconsin–madison;354
instituto de genética - universidad nacional de colombia;355
universidad del bío-bío;356
universidad del valle de guatemala;357
universidad privada josé antonio páez;358
universidad nacional experimental del táchira;359
university of north dakota;360
universidade federal de minas gerais;361
universidade federal de ouro preto;362
universidade federal do rio grande do sul;363
universität bayreuth;364
université de lorraine;365
université de poitiers;366
université paris-est marne-la-vallée;367
università di bologna;368
école polytechnique universitaire de montpellier;369
instituto de ciencias de la construcción eduardo torroja;370
university of mississippi;371
universidad de chile;372
universidad de guanajuato, benemérita y autónoma;373
universidad de la habana;374
university of maryland, college park;375
university of albuquerque;376
universidad de guadalajara;377
innovaspace;378
université de pau et des pays de l’adour;379
universidad de puerto rico;380
universidad autónoma de nuevo león;381
technische universiteit delft;382
3m colombia s.a.;383
50hertz transmission gmbh;384
a.g.p. de colombia s.a.;385
ab proyectos s.a.;386
asea brown boveri;387
ace aire s.a.s;388
aceites manuelita s.a.;389
asociación colombia de ingenieros;390
acoples y partes ltda.;391
instituto ene audio;392
the adecco group;393
american glass products;394
agroevo - consulting group;395
alejandro faccini & cía ltda;396
alfagres s.a.;397
alimentos polar comercial c.a.;398
almacafe s.a;399
almagas s.a. e.s.p.;400
alpecorp;401
alstom power colombia s.a.;402
alticarpa y parasoles;403
alusud embalajes colombia ltda;404
amarilo s.a.;405
amtex s.a.;406
andina trim s.a.;407
andrec corporation s.a.;408
anjasof ltda.;409
apropet s.a.s.;410
arcoser s.a.s.;411
armacol s.a.;412
arquitectura y concreto ltda;413
aservin s.a.;414
asesorías industriales santafé - ais;415
asociación bancaria y de entidades financieras de colombia;416
asociación de ingenieros agrícolas de colombiana;417
asociación gremial alianza nacional de autoservicios - superalko;418
asociación internacional de consultoría;419
astillero naval jol s.a;420
athletic de colombia s.a.s.;421
audi ag;422
audubon engineering solutions;423
autogermana s.a.;424
avancediten brasil;425
avianca s. a.;426
avira operations gmbh & co.kg;427
avizor s.a.;428
axa;429
azlogica colombia soluciones telemáticas;430
laufenberg gmbh;431
banco agrario de colombia s.a;432
banco bilbao vizcaya argentaria - bbva;433
colpatria;434
banco de la república de colombia;435
banco de las microfinanzas - bancamia s.a;436
badische anilin- und soda-fabrik;437
bavaria s.a.;438
bayer ag;439
bayer technology services gmbh;440
becerra & guevara ltda lb & lg;441
belcorp;442
biod s.a.;443
bio-pharma chemicals colombia s.a.s.;444
bogotá beer company;445
bosch engineering gmbh;446
bricma's ltda;447
brinsa s.a.;448
british petroleum;449
bunny inc.;450
c&u instrumentación;451
c. i. florimerca ltda;452
cabar clean energies;453
cacharrería mundial s.a.s.;454
caja de compensación familiar;455
carbones del cerrejón llc - cerrejón;456
carboquímica s.a.s.;457
casa editorial el tiempo;458
casaluker s.a.;459
cav ingenieros ltda;460
caxton & taylor professional services s.a.s.;461
comcentric network designs - ccnd;462
cemex, s.a.b. de c.v;463
centros comerciales sudamericanos s.a.;464
panlma de aceite;465
centro internacional de física;466
cerámica san lorenzo industrial de colombia s.a.;467
yale s.a.;468
grupo brumar s.a.s.;469
chaneme comercial s.a.;470
andamios cimbra;471
city college of the city university of new york;472
clariant colombia s.a.;473
cobiscorp colombia s.a.;474
fomento económico mexicano s.a.b. de c.v.;475
coca-cola midi;476
codensa s.a. esp.;477
cointelco s.a.;478
col energy s.a.s / col agua;479
cooperativa de lácteos de antioquia - colanta;480
colcerámica s.a.;481
colinagro s.a.;482
colombia kimberly colpapel s.a.;483
colombia móvil s.a. esp. - tigo;484
colombia telecomunicaciones s.a. esp.;485
colse ltda.;486
colsein ldta.;487
colsubsidio;488
colvista s.a.s.;489
comet zona franca ltda.;490
compañía colombiana automotriz - cca;491
compañía general de aceros s.a.;492
compañía iberoamericana de plásticos s.a. - iberplast;493
compañía industrial de automatización ltda - cia msi;494
mazda motor corporation;495
compañia mip engenharia s.a.;496
compass group services colombia s.a.;497
compufácil s.a.s.;498
outsourcing de documentos sas;499
concrete innovations;500
congelagro s.a.;501
hiber;502
consultoría colombiana s.a.;503
constructora conconcreto s.a.;504
consulobras ltda.;505
consultores estructurales asociados s.a.s - cea;506
consultoría y construcciones civiles ltda.;507
contact center américas;508
control y telemética s.a.s.;509
coquecol s.a.;510
corona s.a.;511
corporación colombiana de investigación agropecuaria;512
corporación andina de fomento;513
corporación calidad;514
corporación para la energía y el medio ambiente;515
corporación industrial minuto de dios;516
corriente alterna ltda;517
corporación de ciencia y tecnología para el desarrollo de la industria naval marítima y fluvial;518
concesionaria vial de los andes s.a.s – coviandes;519
cristalería peldar s.a.;520
croda international plc;521
cusezar s.a.;522
cyquim de colombia s.a.;523
dayclean s.a.;524
diagnóstico eléctrico mantenimiento y obras - demo ingeniería;525
departamento nacional de planeación;526
derco s.a.s.;527
gerdau s.a.;528
dielcom s.a.s.;529
digecon 3d s.a.s;530
dimetal ltda.;531
dirección antinarcóticos de la policía nacional;532
ministerio de tecnologías de la información y las comunicaciones;533
diseños virtuales de ingeniería s.a.s - dvi;534
dismet s.a.s.;535
distasa s.a. e.s.p.;536
distribuidora nissan s.a.;537
diversey colombia ltda.;538
dow agrosciences de colombia s.a.;539
the dow chemical company;540
easy cleaning;541
easy solutions, inc;542
école nationale supérieure de techniques avancées;543
ecopetrol s.a.;544
eduardoño s.a.;545
efeyce integrales s.a.;546
ekip de colombia s.a.s.;547
electro optical system gmbh;548
emerson electric de colombia ltda;549
emgesa s.a.;550
empresa colombiana de llantas;551
superliner s.a.s.;552
elektriska svetsnings-aktiebolaget;553
gabriel de colombia s.a.;554
javar s.a.s.;555
kudos ltda.;556
multidimensionales s.a.s.;557
nedsun ltda;558
netze ltda.;559
occidental de colombia inc.;560
encofrados y equipos s.a.;561
energia eficiente de colombia - enefenco s.a.s.;562
energía proactiva s.a.s.;563
ftc energy group s.a.;564
quarks company s.a.s.;565
equion energía limited;566
ernst & young;567
escalar ingeniería s.a.s.;568
esprocons s.a.s.;569
espumatec colombia s.c.s.;570
espumlátex s.a.;571
eurovia s.a.s.;572
eventos integrados s.a.s.;573
exxonmobil corporation;574
facebook, inc.;575
productos familia s.a.;576
bundesanstalt für straßenwesen;577
fepco zona franca s.a.s.;578
festo ltda;579
filmtex s.a.s.;580
firmenich s.a.;581
flexo spring s.a.s.;582
porvenir s.a.;583
frainco ing ltda.;584
fraunhofer-institut für integrierte schaltungen iis;585
fresenius medical care ag & co. kgaa;586
freyssinet tierra armada s.a.s.;587
fundação de apoio à universidade de são paulo;588
fundación corre libre;589
fundación iberoamericana para el transporte sostenible, la responsabilidad social y ambiental;590
galotrans s.a.;591
gamaceutica s.a.s.;592
gap, inc.;593
gaseosas lux s.a.;594
gatria s.a.s.;595
general de equipos de colombia s.a.;596
gemalto s.a.;597
general electric company;598
geosuelos cía. ltda.;599
geotecnia andina consultores s.a.s.;600
givaudan s.a.;601
glass and glass s.a.s.;602
global saneamiento ambiental ltda.;603
gloria colombia s.a.;604
general motors - colombiana de motores s.a.;605
google, inc.;606
green loop sustainable architecture and engineering ltda.;607
gruas y equipos s.a.s.;608
grupo de investigación de biomasa y optimización térmica de procesos;609
grupo de investigación en ingeniería de recursos hidráulicos;610
grupo de modelado y métodos numéricos en ingeniería;611
petrochem y bioenergy s.a.s.;612
société d'emboutissage de bourgogne - groupe seb;613
gurimecol ltda.;614
industrias haceb s.a.;615
halliburton;616
has sql ltda.;617
heinsohn business technology;618
henkel colombiana s.a.s.;619
hightech solutions;620
distribuidora hino de colombia s.a.s.;621
hmv ingenieros ltda.;622
higuera niño asociados ltda – hna ingeniería;623
instituto de investigación en educación;624
holcim s.a.;625
hospital universitario san ignacio;626
hotel refugio génesis;627
ingenieurgesellschaft auto und verkehr gmbh;628
international business machines corporation - ibm;629
international business machines corporation - ibm colombia;630
instituto de biotecnología;631
incolbest s.a.;632
icollantas s.a.;633
idea empresa de servicios petroleros y energeticos s.a.s.;634
imocom s.a.;635
imsel ltda.;636
industria colombiana de carne;637
ingeniería consultoría y planeación;638
independence drilling s.a.;639
indudata s.a.s.;640
indumuebles hernández ltda.;641
industrias estra s.a;642
industria nacional de gaseosas s.a;643
industrias protón ltda;644
industrias ramfe ltda.;645
infineon technologies ag;646
inelectra internacional a tiger company;647
infodatum s.a.s.;648
ingeniería especializada s.a.;649
ingeniería estructural y construcciones ltda.;650
ingeniería fs ltda.;651
ingeniería y georiesgos;652
ingeniería y geotecnia ltda.;653
ingeniería y soluciones efectivas s.a.s.;654
ingenieurbüro schießl gehlen sodeikat gmbh;655
ingenio providencia s.a.;656
ingetec s.a.;657
inmecolsa s.a.;658
institut für robotik und mechatronik;659
instituto de estudios en comunicación y cultura;660
instituto de infraestructura y concesiones de cundinamarca;661
fraunhofer-gesellschaft;662
instituto geográfico agustín codazzi;663
instituto nacional de cancerología;664
instituto nacional superior de ciencias agronómicas;665
instrumentos y controles s.a - iycsa;666
grupo de investigación aplicada e innovación en tic;667
inversiones inna s.a.s.;668
instituto nacional de vigilancia de medicamento;669
irriplast e.u.;670
it consultores s.a.s - itcon;671
it applications consulting - itac;672
italcol alimentos concentrados;673
itc soluciones tecnológicas s.a.s.;674
jafa inversiones s.a.s;675
jairo pedraza s.a.s.;676
jasen ltda.;677
jgm consultores s.a.s.;678
jmd ingeniería s.a.s;679
johnson diversey colombia ltda.;680
jovega ingeniería sas;681
junta de acción comunal- barrio villa del oriente - villavicencio;682
key energy services;683
kimberly-clark corporation;684
knorr-bremse;685
pharmetique labs;686
laboratoires lehning;687
laboratorio de ensayos eléctricos industriales - labe;688
laboratorio de geotecnia de la universidad nacional de colombia;689
laboratorio de plantas térmicas y energías renovables;690
laboratorio sala cam;691
laboratorios cosméticos vogue s.a.s.;692
leadon aktiebolag;693
leven company ltda.;694
lipesa colombia s.a.;695
logisticapp s.a.s.;696
lovely professional university - lpu;697
makro;698
man truck & bus ag;699
mavimetal ltda.;700
mazda de colombia s.a.s.;701
mecánicos asociados s.a.s - stork;702
mecanizados cnc ltda;703
mecanizados insdustriales precisión ltda.;704
medallas colombianas s.a.s. - meco;705
mercado y bolsa s.a.;706
mersen corporate services s.a.s.;707
metalquímica colombiana ltda.;708
mexichem colombia s.a.s.;709
mgm ingeniería y proyectos s.a.s.;710
m.i. overseas limited;711
mikra cad cam cae ltda.;712
milsen s.a.;713
mind marketing industrial s.a.s - mind;714
minecoandina s.a.s.;715
minería inter american s.a.s.;716
minipak s.a.s.;717
montajes jm s.a.;718
motorola solutions colombia ltda.;719
nature & technology e.u.;720
navitrans s.a.s.;721
nestlé waters h.q.;722
novaplast s.a.;723
oasis it s.a.s.;724
observatorio ticun;725
occidental de colombia - oxy;726
ocp trace s.a.s.;727
owens illinois peldar - o-i peldar;728
operaciones nacionales de mercadeo open market ltda.;729
oportunidad estratégica ltda.;730
programa de investigación en tránsito y transporte - pit;731
el palmar del llano s.a.;732
parque industrial malambo s.a. - primsa;733
pavco s.a.;734
pc smart s.a.s.;735
pegaflex de colombia ltda.;736
pegatex artecola s.a;737
koninklijke philips n.v. - colombia;738
pierburg pump technology gmbh;739
pinturas y acabados 3p s.a.s;740
plastipack s.a.;741
powersun s.a.s.;742
precision 2000, inc.;743
preflex s.a.;744
premodulares ltda.;745
prevención y logística ingeniería especializada ltda.;746
proamérica s.a.s;747
proasem s.a.;748
procalidad s.a.;749
profesionales corrosión ltda - procorr;750
procter & gamble colombia ltda - p&g;751
productores de lubricantes s.a. - prolub;752
grupo familia sancela s.a. - planta rionegro;753
productos naturales de la sabana s.a. - alquería;754
productos nutrí equinos s.a.s.;755
productos químicos panamericanos s.a.;756
proelectricos ltda.;757
proenfar s.a.s.;758
proquinal s.a.;759
protabaco s.a.s.;760
protela s.a.;761
computadores para educar;762
p.v.c. gerfor s.a.;763
p&p proyectos s.a.s.;764
qfc s.a.s.;765
qoopa s.a.s.;766
quala s.a.;767
quirurgil s.a.s.;768
radiall;769
raycal s.a.s.;770
recol pinturas s.a.s.;771
redondo optics, inc.;772
regeneracion ltda.;773
repreventas de bogotá s.a;774
industrias y maquinaria rg ltda;775
riaño construcciones ltda.;776
robert bosch gmbh;777
rodríguez & londoño s.a. - rylsa;778
rohm and haas company;779
rolls-royce;780
saeta international sport wear ltda.;781
newell sanford s.a - colombia;782
schering-plough corporation;783
schlumberger colombia s.a.;784
sealed air colombia ltda.;785
secretaría distrital de movilidad - sdm;786
centro metalmecánico sena;787
centro de tecnologias del transporte sena - ctt;788
sensorica e ingeniería s.a.s. - sei;789
sociedad, economía, productividad - sepro;790
servitorno soldadura ltda. - sertsol;791
servicios geológicos integrados ltda - sig;792
servientrega s.a;793
serving ltda.;794
serviradar s.a.s.;795
seven4n - s4n;796
sgs colombia s.a.s;797
siemens ag;798
sika colombia s.a.;799
silkymia colombia s.a.s;800
sinduly s.a.s. productos industriales y servicios;801
sinerware s.a.s.;802
skaphe tecnologia s.a.s.;803
skf latin american ltda.;804
smart & simple engineering s.a.s. - s&s;805
soldaduras west arco sas;806
solla s.a. nutrición animal;807
solo redes ingenieria s.a.s;808
solving ingenieros s.a.s.;809
sp automatizar s.a.s.;810
sql software s.a.;811
st&t ltda. software telecommunications and technology;812
steer davies & gleave limited sucursal colombia;813
subaru de colombia s.a.;814
subsuelo3d s.a.s.;815
sucroal s.a;816
organización suma s.a.s;817
superintendencia de industria y comercio;818
superintendencia de puertos y transporte;819
superpolo s.a.s;820
sutec s.a.;821
suministros técnicos e ingeniería - suting ltda;822
symrise ltda.;823
tecnicas colombianas de ingenieria t.c.i.;824
tachyon consultores;825
tayfer de colombia ltda.;826
team foods colombia s.a.;827
tecnicos en combustión y tratamiento de aguas tecca s.a.s.;828
technische universität hamburg - tuhh;829
technodrill sas;830
tecser laboratorios s.a.;831
dc teknicalderas ltda.;832
telefónica;833
centro nacional de energías renovables;834
movistar;835
telmex colombia s.a.;836
corporación de acero - corpacero s.a.;837
tecnintegral s.a.s.;838
teppack colombia ltda;839
organización terpel s.a;840
tes america andina sas;841
texas instruments;842
texas instruments deutschland gmbh;843
the coca-cola company;844
tigo une;845
tipiel s.a.;846
technology ideas solutions and knowledge - tisok ltda.;847
topteam talentos s.a.s;848
tornado de colombia s.a.s.;849
total ingenieria y analisis ltda.;850
transmilenio s.a.;851
turgas s.a. e.s.p.;852
union temporal itb;853
universal de racores y perfiles ltda.;854
pannon egyetem;855
universidad autonoma de sinaloa - uas;856
university of wisconsin–milwaukee;857
technische universität dortmund - tu dortmund;858
technische universität graz;859
universität paderborn;860
variadores s.a.;861
vaselinas industriales de colombia s.a.;862
v.d. el mundo a sus pies s.a.s.;863
veolia colombia;864
vicar farmacéutica s.a.;865
vidrieria fenicia s.a.s.;866
vinikolor;867
virtual pro;868
vr ingenieria y mercadeo ltda.;869
wacker chemie ag;870
welderskill s.a.s.;871
wima construcciones s.a.s;872
xsystem ltda;873
yanbal de colombia s.a.;874
zf friedrichshafen ag;875
züblin spezialtiefbau gmbh;876
ejercito nacional de colombia - ejc;877
fundación universitaria colombo germana;878
fundación para la investigación y el desarrollo de la salud y la seguridad social - fedesalud;879
fraunhofer-institut für solare energiesysteme - ise;880
grupo de investigación en compatibilidad electromagnética - emcun;881
imeti s.a.s. implantes dentales;882
institut de ciències de la terra jaume almera - ictja;883
instituto de estudios del ministerio público - iemp;884
laboratoire interdisciplinaire des environnements continentaux - liec;885
laboratoire réactions et génie des procédés - lrgp;886
laboratorio de ingeniería química - liq;887
neuroeconomix s.a.s.;888
observatorio del territorio - unillanos;889
sociedad latinoamericana de operadores de monoboyas - slom;890
escuela politécnica superior de la universidad autónoma de madrid;891
asociación colombiana pro enseñanza de la ciencia - buinaima;892
fundación universitaria para el desarrollo humano - uninpahu;893
fundación centro de investigación docencia y consultoria administrativa - cidca;894
instituto británico;895
nsdis animation software s.a. - naska digital;896
clínica san pedro claver;897
colegio liceo pedagógico;898
profes en casa;899
politécnico colombo andino;900
fundación universitaria horizonte;901
centro de estudios para la permacultura y un desarrollo alternativo - proyecto pachamama;902
gimnasio imperial;903
politécnico de las américas;904
colegio saludcoop sur i.e.d;905
academia nikola tesla;906
institución educativa juan xxiii;907
secretaría de educación del distrito capital;908
gimnasio nuevo despertar;909
institución educativa los negros;910
corporación tecnológica industrial colombiana - teinco;911
colegio bilingüe espíritu santo;912
institución educativa roberto durán alvira;913
institución educativa distrital atahualpa;914
normal superior i.e.d;915
"escuela de cadetes ""general francisco de paula santander"" - ecsan";916
fundación educativa santiago apóstol;917
dirección nacional de innovación académica - unal;918
fundación transformar;919
centro de electricidad electrónica y telecomunicaciones - ceet;920
corporación universitaria regional del caribe - iafic;921
instituto politécnico de telecomunicaciones osvaldo herrera;922
universiteit gent - ugent;923
universitetet i oslo;924
università di pisa;925
université de rennes i;926
université rennes ii;927
institut des sciences et industries du vivant et de l'environnement - agroparistech;928
volkswagen ag;929
école nationale supérieure des mines de paris - mines paristech;930
simon fraser university - sfu;931
école nationale supérieure de chimie de paris - chimie paristech;932
technische universität wien - tu wien;933
universidad nacional de río cuarto - unrc;934
universidade de santiago de compostela - usc;935
université de strasbourg - unistra;936
université pierre-mendès-france - grenoble - grenoble ii;937
the pennsylvania state university - penn state;938
université stendhal - grenoble iii;939
universität duisburg-essen - ude;940
centro de estudios para la prevención de desastres - cepreve;941
école nationale d’ingénieurs de tarbes - enit;942
école nationale supérieure de géologie - ensg;943
malmö högskola;944
institut national des sciences appliquées de rennes - insa rennes;945
école nationale supérieure de génie industriel - ensgi;946
école nationale d'ingénieurs du val de loire - enivl;947
école nationale supérieure d'électricité et de mécanique - ensem;948
institut national des sciences appliquées centre val de loire - insa loire;949
institut national polytechnique de lorraine - inpl;950
école nationale supérieure d'agronomie et des industries alimentaires - ensaia;951
école nationale supérieure d'informatique et de mathématiques appliquées de grenoble - ensimag;952
école nationale des ponts et chaussées - école des ponts paristech;953
école nationale supérieure d'hydraulique et de mécanique de grenoble - enshmg;954
école internationale du papier, de la communication imprimée et des biomatériaux - grenoble inp-pagora;955
école nationale supérieure de l'énergie, l'eau et l'environnement - ense3;956
école nationale supérieure en systèmes avancés et réseaux - grenoble inp - esisar;957
école nationale supérieure d'électronique, d'électrotechnique, d'informatique, d'hydraulique, et des télécommunications - enseeiht;958
université joseph-fourier - grenoble i;959
dokuritsu gyōseihōjin kokusai kyōryoku kikō;960
technische universiteit eindhoven;961
ie university;962
sociedad colombiana de ingenieros;963
universidad central de venezuela - ucv;964
convenio sigueme;965
universität mannheim - uma;966
école nationale d'ingénieurs de metz - énim;967
technische universität kaiserslautern - tuk;968
école polytechnique de montréal;969
nuance communications, inc.;970
institute of chemical technology - ict;971
mississippi state university;972
malmö universitet;973
institut für kunststofftechnik - ikt;974
zj ingenieros estructurales ltda;975
zemoga s.a.s;976
zabala ingenieros ltda;977
yukoono mobile business portal gmbh;978
yantai wanhua polyurethane co;979
xue colombia ltda;980
wolfer & goebel bau gmbh;981
weatherford colombia ltda;982
veolia eau service client;983
univerzita karlova;984
université d'orléans;985
universidad cuauhtémoc;986
martin-luther-universität halle-wittenberg;987
universal sec s.a.s.;988
unisys de colombia s.a.;989
unirubber s.a.s.;990
unilever andina ltda.;991
uncompany socieda anonima comercial s.a.s;992
transconsult sucursal colombia;993
total office ltda;994
torrecid sucursal colombia;995
tnt express;996
thomas greg & sons de colombia s.a.s.;997
thermochill s.a.;998
tetra pak ltda;999
tempolink s.a.s. grupo empresarial;1000
televideo s.a.;1001
tecur s.a.s. químicos;1002
technoteam bildverarbeitung gmbh;1003
technische universität dortmund;1004
concordia university;1005
t&t transito y transporte ingeniería s.a.s.;1006
supervisa s.a.;1007
superintendencia financiera de colombia;1008
summit systems s.a.s.;1009
sp geoquim ingenieros ltda.;1010
soluciones financieras integrales ltda;1011
soluciones finales de informacion sfi s.a.;1012
software colombia;1013
socomec s.a;1014
sociedad colombiana de geotecnia;1015
glaxosmithkline colombia s.a. - gsk pro;1016
smartbrix espacios modulares s.a.s.;1017
smart servicios administrativos y operativos s.a.s.;1018
smart concrete s.a.s.;1019
skit consulting ltda.;1020
sistemas integrados de transporte público ltda.;1021
sistecontrol ltda.;1022
sip ltda asesorías tecnológicas en hardware y software;1023
simgea s.a.s. consultoría;1024
sihi pumps colombia s.a.s.;1025
sigra s.a. panadería y pastelería;1026
sf group solution finders;1027
servinsa s.a.s. courier nacional e internacional;1028
servicios agricolas jb s.a.s.;1029
seico technology ltda.;1030
schlage lock de colombia s.a.;1031
sauto ltda.;1032
sasl colombia e.u.;1033
sap se;1034
santillana de seguridad vigilancia privada ldta.;1035
sanicoc s.a.s.;1036
sistemas andinos de ingeniería y planificación - saip;1037
ruiz fajardo ingenieros asociados s.a.s.;1038
rt ingeniería s.a.s.;1039
ronald camacho soluciones s.a.s.;1040
robótica colombia s.a.s.;1041
reymar steel co.;1042
renosa s.a.s.;1043
red colombiana de calidad del software;1044
rapiscol s.a.;1045
industrias ramfé s.a.s.;1046
r&r media group llc;1047
quisol ltda. responsabilidad ecológica;1048
queen's university;1049
pvc leo s.a.;1050
proyectos generales de ingeniería s.a.s.;1051
industrias proton ltda.;1052
proteicol s.a.;1053
protecsa s.a.;1054
proplantas s.a.;1055
projection core consulting s.a.s.;1056
profit s.a.s.;1057
productos roche s.a.;1058
productos ramo s.a.;1059
productos g.c. ltda.;1060
productos de aseo el jaguar s.a.s.;1061
procibernetica s.a.;1062
productora de cables procables s.a.s.;1063
petrocasinos s.a.;1064
pracol s.a.s.;1065
praco didacol s.a.;1066
prabyc ingenieros s.a.s;1067
postamar ltda.;1068
groupe cahors;1069
plastilene s.a.s. soluciones de película;1070
pl ingeniería s.a.s;1071
phe apps s.a.s.;1072
petrominerales ltda.;1073
petrobras;1074
payc s.a.s - gestión integral para proyectos de construcción;1075
oyempaques c.a.;1076
osho ingenieria ltda.;1077
orange s.a.;1078
open box ltda.;1079
organización de las naciones unidas para el desarrollo industrial - onudi;1080
online4biz s.a.s.;1081
omnicon s.a.;1082
connecta 26;1083
defta group;1084
nestle purina pet care de colombia s. a.;1085
neoingenieria p&t s.a.s.;1086
banco bbva;1087
nb constructora s.a.s.;1088
murex: advanced enterprise capital markets technology;1089
mte engineering ag;1090
mountain roses s.a.s.;1091
motriza s.a.;1092
ministerio del interior;1093
ministerio de transporte;1094
mineria texas colombia s.a.;1095
michelin colombia;1096
metalicas granobles s.a.s.;1097
metalarango’s ltda.;1098
merck kgaa;1099
mefro wheels france s.a.s.;1100
media commerce partners s.a.s.;1101
m.c.s. mantenimiento industrial ltda.;1102
mcdonald's;1103
centro agropecuario marengo;1104
manufacturing & rental s.a.s.;1105
manufacturas de cemento s.a.;1106
hospital universitario hernando moncaleano perdomo;1107
makro super mayorista s.a.s.;1108
mafre seguros generales de colombia s.a.;1109
m&m servicios profesionales de ingeniería civil s.a.s.;1110
lopez & asociados consultores maritimos portuarios y otm s. en c.;1111
longchamp;1112
air liquide advanced technologies;1113
liminal ltda.;1114
liebherr-mining equipment colmar s.a.s;1115
leroy-somer colombia;1116
lenes ingenieria;1117
lcs colombia;1118
laps ingeniería s.a.s.;1119
lamitech s.a.s. laminados;1120
lafayette s.a.;1121
laboratorios la santé s.a.;1122
irt nanoelec- institut de recherche technologique;1123
laboratoire d'informatique de grenoble;1124
laboratorios ltda;1125
kuka laboratories gmbh;1126
king's college london;1127
kimberly-clark corporation colombia;1128
jardín botánico de san andrés;1129
iversur colombia s.a.;1130
instituto de tránsito y transporte de acacías - itta;1131
it&m ingeniería, tecnología & medio ambiente ltda.;1132
it osmosys s.a.s.;1133
ingenieria de soluciones viales integrales - isovial s.a.s.;1134
isagen s.a. e.s.p;1135
interconexión eléctrica s.a. e.s.p.;1136
irridelco s.a.;1137
inversiones y proyectos de arquitectura s.a.s.;1138
itansuca proyectos de ingeniería s.a.s.;1139
intervet schering-plough animal health;1140
intergráficas s.a;1141
interdico ltda.;1142
instituto san pablo apóstol;1143
instituto de desarrollo urbano - idu;1144
fraunhofer-institut für produktionstechnik und automatisierung ipa;1145
institut de science des matériaux de mulhouse;1146
ingeurvias s.a.s.;1147
ingenio la cabaña s. a.;1148
ingeniería construcciones y diseños s.a.s.;1149
ingenieria y mantenimiento s.a.s.;1150
ingecon s.a.s. ingeniería y construcción;1151
konecranes colombia s.a.s;1152
ingenieria e irrigacion irriplast s.a.s.;1153
dictuc s.a.;1154
ingeniería de petróleos s.a.s.;1155
indumil;1156
instituto politécnico nacional;1157
wayne state university;1158
10 ingeniería ltda.;1159
a c ingenieros s.a.s.;1160
a2v ingenieria s.a.s.;1161
acerca mercadeo estratégico s.a.s.;1162
acuades ingeniería ltda.;1163
acueductos e irrigaciones s.a.s.;1164
adceda systems s.a.s;1165
aerorental ltda.;1166
air company ingeniería s.a.s.;1167
airavata s.a.s.;1168
alcaldía de funza cundinamarca;1169
alto comisionado de las naciones unidas para los refugiados - acnur - unhcr;1170
andritz hydro ltda.;1171
ankara üniversitesi;1172
archivos funcionales & oficinas eficientes zzeta s.a.s.;1173
aristotle university of thessaloniki - auth;1174
arup colombia s.a.s.;1175
asesoftware s.a.s.;1176
asesoría en ingeniería de petróleos s.a.s. - aip;1177
avantel s.a.s.;1178
ave colombiana s.a.s.;1179
axiomática soluciones tecnológicas s.a.s.;1180
cosméticos bardot s.a.;1181
bioagrotech s.a.s.;1182
bluesoft technology s.a.s.;1183
branch of microsoft colombia inc.;1184
brandenburgische technische universität cottbus - btu cottbus;1185
build change latam;1186
bundy refrigeration of colombia ltda.;1187
c.i. frutas comerciales s.a.;1188
ca software de colombia s.a.;1189
caja de compensación familiar compensar;1190
camaleón multimedia s.a.s.;1191
camara de comercio colombo turca;1192
cardif seguros generales s.a.;1193
carlos carrizosa huertas;1194
casa toro s.a.;1195
catappult s.a.s.;1196
cátedra s.a.s.;1197
centre de coopération internationale en recherche agronomique pour le développement - cirad;1198
centro de investigación científica del rio magdalena;1199
centro de investigación cooperativa en biomateriales - cic biomagune;1200
centro nacional de energías renovables - cener;1201
chandigarh university;1202
chiba university;1203
comercializadora internacional manetty ltda;1204
cki automatizacion industrial s.a.s.;1205
codigo proyectos s.a.;1206
comercial de riegos ltda.;1207
comestibles ricos s.a.;1208
compañía de profesionales de bolsa s.a.;1209
compañía transportadora de valores prosegur de colombia s.a.;1210
complasesa s.a.s.;1211
concretos y maderas s.a.s.;1212
confipetrol s.a.s.;1213
consejo colombiano de eficiencia energética - ccee;1214
consejo de empresas americanas - cea;1215
consorcio para la prosperidad - conpros;1216
consorcio proyeccion vial puerto salgar;1217
construelectricos jose h s.a.s.;1218
consultata s.a.s.;1219
consultores unidos s.a.;1220
consultoria tecnologia informatica cti ltda.;1221
contelac ltda.;1222
corporacion patalogia veterinaria - corpavet;1223
coydisas s.a.s.;1224
cumbrera s.a.s.;1225
cvm global trading ltda.;1226
cyu instrumentacion ltda.;1227
dag ingeniería s.a.s.;1228
deidre erlinda galvis rojas;1229
detección, empaque y procesos s.a.s. - dempro;1230
detergentes ltda.;1231
diameco s.a.s.;1232
diproyectos s.a.s.;1233
dirige s.a.s. ;1234
disan colombia s.a.;1235
diseños y construcciones especializadas en ingeniería s.a.s. - dicein s.a.s.;1236
easy card s.a.s.;1237
eccosis plus s.a.s. ingeniería;1238
ecole d’ingénieur denis diderot - eidd;1239
école de technologie supérieure - ets;1240
école des mines d'alès;1241
école des mines de douai - école nationale supérieure des mines de douai - ensmd;1242
école d'ingénieurs de purpan;1243
école nationale de la statistique et de l'administration économique - ensae paristech;1244
école nationale d'ingénieurs - eni;1245
école nationale supérieure des mines d'albi-carmaux - mines albi-carmaux;1246
ecole nationale supérieure des mines d'alès - école des mines d'alès - ema;1247
école nationale supérieure des mines de douai;1248
école nationale supérieure des mines de saint-étienne - mines saint-étienne - saint-étienne school of mines;1249
école nationale supérieure des sciences appliquées et de technologie de lannion - enssat - université de rennes-i;1250
école nationale supérieure des télécommunications de bretagne - enst bretagne - telecom bretagne;1251
école nationale supérieure d'informatique pour l'industrie et l'entreprise - ensiie;1252
école polytechnique de l'université de tours;1253
école supérieure d'ingénieurs de rennes - esir - université de rennes-i;1254
ecomaco s.a.s.;1255
edusoluciones s.a.s.;1256
eforcers s.a.;1257
egestec s.a.s.;1258
electronica guinard s.a.s.;1259
empresa aerea de servicios y facilitacion logistica integral s.a.;1260
empresa de licores de cundinamarca - elc;1261
empresa nacional de soluciones automotrices s.a.s.;1262
endava s.a.s.;1263
energia para el amazonas s.a e.s.p - enam;1264
enersinc s.a.s.;1265
enertolima s.a. e.s.p. - compañía energética del tolima;1266
enrique dávila lozano edl ltda.;1267
entrophy oil services s.a.s.;1268
epcm de colombia;1269
equipnet colombia s.a.s.;1270
equipos tecnicos y logistica s.a. - equitel;1271
escuela de aviación del ejército - esave - ejercito nacional de colombia;1272
ese hospital san rafael de oiba;1273
estilo ingeniería s.a. ;1274
estrella international energy services ltda.;1275
eurecom;1276
evolution consulting s.a.;1277
facelec s.a.s.;1278
fg ingenieros s.a.s.;1279
fiamme s.a. línea de aseo y cuidado personal;1280
fitch ratings colombia s.a.;1281
fiza s.a.s;1282
flores canelon s.a.s.;1283
flores de bojaca s.a.s.;1284
flores de serrezuela s.a.s.;1285
flores ubaté s.a.s.;1286
florida international university - fiu;1287
florval s.a.s.;1288
formaco s.a.;1289
fs proyectos de ingenieria s.a.s.;1290
fuller mantenimiento s.a.;1291
fundación teletón;1292
gea soluciones gis s.a.s. - geagis s.a.s.;1293
geekcore s.a.s;1294
generación eléctrica de colombia - genelec ltda.;1295
geodinamica ingenieria s.a.;1296
geomembranas s.a.s.;1297
georg-august-universität göttingen;1298
geoterra colsultores geotécnicos s.a.s.;1299
gestion civil ingenieros s.a.s.;1300
gestión total corporativa s.a.s.;1301
gia consultores ltda.;1302
gig colombia s.a.s.;1303
gilat colombia s.a. e.s.p. ;1304
ginger enterprises sucursal colombia;1305
global electromecanica servicios sabana centro ltda. gessc;1306
goc sucursal colombia;1307
granitos y mármoles s.a.;1308
grupo insa - ingeniería del norte s.a.;1309
grupo janlir s.a.s.;1310
guirnaldas s.a.s.;1311
hacettepe üniversitesi;1312
hidrinco s.a.s.;1313
hidroingenio s.a.s.;1314
hidrotecnik s.a.s;1315
high tech software s.a.s.;1316
hilti colombia s.a.s.;1317
hj ingenieros civiles ltda.;1318
human excellencies s.a.s.;1319
hvac consulting s.a.s.;1320
ideas soluciones colombia s.a.s.;1321
ig biz solutions s.a.s.;1322
imoprop ltda - envases plásticos y moldes;1323
inca fruehauf s.a.;1324
inclam sucursal de colombia;1325
indian institute of technology delhi;1326
indired s.a.s. ;1327
industrias químicas fiq s.a.s.;1328
inerco consultoria colombia ltda.;1329
ingeniería 2000 ltda.;1330
ingeniería induworker ltda.;1331
ingenieria soluciones industriales insoin s.a.s.;1332
ingenieria y proyectos de colombia s.a.s.;1333
inkremental s.a.s.;1334
institut mines-télécom - imt;1335
institut national de la recherche scientifique - université du québec - inrs;1336
institut supérieur d'agriculture de lille - isa;1337
institut supérieur d'agriculture et d'agroalimentaire rhône-alpes -isara-lyon;1338
intecom s.a.s.;1340
inversiones carcondor s.a.s.;1341
iowa state university - isu;1342
ip integrated services ltda.;1343
ipcom sistemas s.a.s.;1344
iq information quality s.a.s.;1345
jam ingeniería y medio ambiente s.a.s;1346
jardines del apogeo s.a.;1347
jcb ingenieria s a s;1348
johannes gutenberg-universität mainz;1349
juan carlos belalcazar benitez;1350
justus liebig-universität gießen;1351
kent state university - ksu;1352
knowledge and integration architects s.a.s.;1353
kobe colombia s.a.s.;1354
kungliga tekniska högskolan - kth;1355
laboratorio multianálisis s.a.s.;1356
l'atelier bogotá s.a.s.;1357
leuphana universität lüneburg;1358
libera università di bolzano - unibz;1359
lincoln soldaduras de colombia ltda.;1360
manimator ltda.;1361
marco aldemar martin buitrago;1362
marco tulio benitez mateus s.a.s.;1363
masino engineering design s.a.s.;1364
mavicontrol ltda;1365
metalmecanica mind s.a.s;1366
mg consultores s.a.s.;1367
mhev ingenieria s.a.s.;1368
milenario s.a.s.;1369
mindshare de colombia ltda.;1370
ministerio de ambiente y desarrollo sostenible;1371
ministerio de hacienda y crédito público;1372
mondragon unibertsitatea - mu;1373
mota engil engenharia e construcao s.a.;1374
motores y maquinas s.a. motorysa;1375
mottif s.a.s.;1376
networking ingeniería s.a.s.;1377
new mexico institute of mining and technology - new mexico tech - new mexico school of mines;1378
new trading international s.a.s.;1379
newnet s.a.;1380
ocati s.a.;1381
occ consulting s.a.s.;1382
oficomco s.a.s.;1383
oinco s.a.s.;1384
osaka university;1385
osp international cala s.a.s;1386
partequipos s.a.;1387
placas modulares s.a.s.;1388
placecol s.a.;1389
plinco s.a.;1390
poligrow colombia s.a.s.;1391
polimerica s.a.s.;1392
politechnika łódzka - lodz university of technology;1393
asinfar;1394
pontificia universidad católica del ecuador - puce;1395
pontifícia universidade católica do paraná - pucpr;1396
positiva compañia de seguros s.a.;1397
power and energy systems solutions;1398
proamérica s.a.s.;1399
process solutions and equipment s.a.s.;1400
pro-eléctricos ltda.;1401
programa de las naciones unidas para el desarrollo - pnud;1402
protisa colombia s.a.;1403
proyectar construccion s.a.s.;1404
proyectos de ingenieria y desarrollos s.a.s.;1405
psl productora de software s.a.;1406
pukyong national university - pknu;1407
purotodo s.a.s.;1408
quantil s.a.s.;1409
quintero leather s.a.s.;1410
restrepo comercial interandina cía. ltda.;1411
rmp services s.a.s.;1412
rockwell colombia s.a.;1413
sandab inversiones ltda.;1414
sapienza-università di roma;1415
sauce consultores s.a.s.;1416
servicios geotécnicos y administrativos s.a.s.;1417
servintec ltda.;1418
sincosoft s.a.s.;1420
sinthya química ltda.;1421
smart ingeniería ltda.;1422
sociedade nilza cordeiro herdy de educação e cultura s/s ltda - universidade unigranrio;1423
soenergy international colombia s.a.s;1424
soletanche-bachy cimas s.a.;1425
soluciones omega s.a.;1426
somajk s.a.s.;1427
stiftung universität hildesheim - university of hildesheim;1429
suber s.a.s.;1430
sustain-t project;1431
talleres autorizados s.a.;1432
tandem insourcing s.a.s.;1433
tecmmas s.a.s.;1434
tecniacrilicos ltda.;1435
tecnoalimenticia ltda.;1436
télécom école de management;1437
telecom lille - telecom lille 1 - enic;1438
telecom sudparis - telecom int;1439
the university of texas at austin - ut;1440
t-mega consultores s.a.s.;1441
tokyo university of marine science and technology;1442
torrescamara y cia de obras s.a. sucursal colombia;1443
transport systems s.a.s.;1444
transporte y comercio internacional ltda.;1445
unipalma s.a.;1446
universidad autónoma de ciudad juárez - uacj;1447
universidad de alcalá - uah;1448
universidad de carabobo - uc;1449
universidad de extremadura - uex ;1450
universitat de girona;1451
universidad de jaén - uja - ujaen;1452
universidad de la rioja - ur;1453
universidad de málaga - uma;1454
universidad de oviedo - uo;1455
universidad de panamá - up;1456
universidad de piura - udep;1457
universidad de salamanca - usal;1458
universidad de san carlos de guatemala - usac;1459
universidad de valladolid - uva;1460
universidad del azuay - uda;1461
universidad miguel hernández de elche;1462
universidad nacional de agricultura y agronomía - unag;1463
universidad nacional de tumbes - unt;1464
universidad nacional del litoral;1465
universidad nacional pedro ruiz gallo - unprg;1466
universidad ricardo palma - urp;1467
universidad rovira i virgili​ - urv;1468
universidad técnica de ambato - uta;1469
universidad técnica estatal de quevedo;1470
universidad técnica particular de loja - utpl;1471
universidade de coimbra - uc;1472
universidade de ribeirão preto - unaerp;1473
universidade de santa cruz do sul - unisc;1474
universidade do estado do amazonas - uea;1475
universidade estácio de sá;1476
universidade estadual de londrina - uel;1477
universidade estadual de maringá - uem;1478
universidade federal da integração latino-americana - unila;1479
universidade federal da paraíba - ufpb;1480
universidade federal de pelotas - ufpel;1481
universidade federal de pernambuco - ufpe;1482
universidade federal de santa maria - ufsm;1483
universidade federal de sergipe - ufs;1484
universidade federal de viçosa - ufv ;1485
universidade federal do amazonas - ufam;1486
universidade federal rural de pernambuco - ufrpe;1487
universidade municipal de são caetano do sul -uscs;1488
università degli studi di bergamo;1489
università degli studi di roma tor vergata;1490
università degli studi di salerno - unisa;1491
universitat de lleida;1492
universität hohenheim;1493
universitat jaume i ;1494
universität potsdam - up;1495
université de mons - umons;1496
université de technologie de troyes - utt;1497
université paris-est-créteil-val-de-marne - upec;1498
université savoie-mont-blanc - usmb;1499
université louis-pasteur - strasbourg-i;1501
universitetet i bergen;1502
universitetet i stavanger - uis;1503
university of massachusetts - umass amherst;1504
university of nebraska–lincoln - unl - un;1505
uptime analytics s.a.s.;1507
urbanism + surface = profit s.a.s.;1508
v.a. tools ltda.;1509
valrex s.a.s.;1510
vangtry technology s.a.s.;1511
venturoso s.a.s.;1512
vidrios y laminados s.a.s.;1513
villa isla sporty;1514
virginia polytechnic institute and state university - virginia tech - vpi;1515
washington state university - wsu;1516
wima construcciones s.a.s.;1517
woombat consulting group s.a.s.;1518
yokohama national university;1519
zambranogroup s.a.s.;1520
zentech s.a.s.;1521
red expertos ltda.;1522
offenburg university of applied sciences;1523
instituto nacional de ciencias agrícolas - inca;1524
aci worldwide colombia s.a.s.;1525
agropecuaria aliar s.a.;1526
anditel s.a.s.;1527
cámara colombiana de la infraestructura - cci;1528
centro de alternativas al desarrollo - cealdes;1529
ciudad sistema ltda.;1530
cultivos rancho alegre s.a.s.;1531
eince ltda.;1532
factores y mercadeo s.a.;1533
fuerza aérea colombiana - fac;1534
grupo enobra s.a.s.;1535
instrumentacion y servicios s.a.s.;1536
interworld freight ltda.;1537
jardin infantil la sombrillita azul;1538
linde colombia s.a.;1539
molas & cueros s.a.s.;1540
monterra. productora y comercializadora agroindustrial colombiana s.a.s.;1541
oilfield services & supplies s.a.s.;1542
prosein de colombia s.a.s.;1543
saicon ingeniería s.a.s.;1544
scarlett s flowers s.a.s.;1545
schaller design y technology s.a.s.;1546
summa ingeniería y consultoría s.a.s.;1547
tmscloud s.a.s.;1548
tms corporation s.a.s.;1549
universal learning ltda.;1550
ingenieria vias y geotecnia s.a.s.;1551
autoridad nacional de licencias ambientales - anla;1552
bahçeşehir university - bau;1553
banco mundial;1554
brunel university london;1555
cámara colombiana de la minería;1556
catalan institute of nanoscience and nanotechnology - icn2;1557
center for environmental modeling;1558
centre for digital media - cdm;1559
centre for water research;1560
centre national de la recherche scientifique - cnrs;1561
centro atómico bariloche - cnea;1562
centro de edafología y biología aplicada del segura - csic;1563
centro de estudios históricos - ceh;1564
centro de investigación en ecosistemas y cambio global - c&b;1565
centro de investigaciones en láseres y aplicaciones - ceilap;1566
centro de investigaciones energéticas, medioambientales y tecnológicas - ciemat;1567
centro de investigaciones para la transformación - cenit;1568
centro internacional de agricultura tropical - ciat;1569
clínica reina sofia;1570
cognizant technology solutions corp;1571
college of william and mary in virginia - w&m;1572
colorado school of mines;1573
colorado state university - csu;1574
comisión interministerial de ciencia y tecnología - cicyt;1575
consejo colombiano de seguridad;1576
copenhagen business school - cbs - handelshøjskolen;1577
cubasolar;1578
centro de investigación en materiales avanzados - cimav;1579
delta light nv;1580
departamento de ciência e tecnologia aeroespacial - dcta;1581
école centrale de lyon;1582
embajada de la república de corea en la república de colombia;1583
empresa de energía del pacífico s.a. - epsa;1584
enka de colombia s.a.;1585
escuela politécnica nacional - epn;1586
flok society;1587
fundación amigos del chocó;1588
generalitat valenciana - gva;1589
georgia institute of technology;1590
gorevega limited;1591
grupo de investigación en economía solidaria - gies;1592
grupo is colombia s.a.s.;1593
hampton university - hu;1594
haute école d'ingénierie et de gestion du canton de vaud;1595
hi-tech institute of engineering and technology - hiet;1596
hospital general universitario gregorio marañón;1597
icass spa;1598
imal s.a.;1599
ingeniería de tráfico sl - intra;1601
innovahied;1602
institut de robòtica i informàtica industrial - iri;1603
institut d'études politiques de grenoble - sciences po grenoble;1604
institute for environment and sustainability - ies;1605
instituto colombiano del petróleo - icp;1606
instituto de investigación y formación agraria y pesquera - ifapa;1607
instituto mexicano del transporte;1608
instituto nacional de astrofísica, óptica y electrónica - inaoe;1609
instituto politécnico nacional - ipn;1610
instituto tecnológico de buenos aires;1611
instituto tecnológico de celaya;1612
instituto valenciano de investigaciones agrarias - ivia;1613
integrador de soluciones tecnológicas s.a.s. - ist internacional;1614
international center for tropical agriculture - ciat;1615
international coach federation - icf colombia;1616
international society for rock mechanics - isrm;1617
københavns universitet - university of copenhagen - ucph;1618
kyoto university;1619
kyushu university;1620
los alamos national laboratory - lanl;1621
lyondellbasell industries n.v.;1622
max-planck-institut;1623
memorial sloan kettering cancer center - msk;1624
mestrelab research s.l.;1625
meta fish food company s.a.;1626
ministerio de comercio, industria y turismo de colombia;1627
national center for biotechnology information - ncbi;1628
national oceanic and atmospheric administration - noaa;1629
nutricontrol;1630
observatorio colombiano de ciencia y tecnología - ocyt;1631
okayama university - okayama daigaku;1632
onf andina;1633
otto von guericke university magdeburg;1634
pacific northwest national laboratory - pnnl;1635
pontificia universidad católica de valparaíso - pucv;1636
rensselaer polytechnic institute;1637
repsol technology center;1638
robert r. mccormick school of engineering and applied science;1639
royal holloway, university of london - rhul;1640
ruhr-universität bochum - rub;1641
rwth aachen university;1642
shimane university;1643
sociedad colombiana de ciencias químicas;1644
swiss federal institutes of technology;1645
tecmo ltda.;1646
the university of texas at arlington - uta;1647
unesco-ihe - institute for water education;1649
united states department of agriculture - usda;1650
universidad andrés bello - unab;1651
universidad autónoma de baja california - uabc;1652
universidad autónoma de chihuahua - uach;1653
universidad autónoma de san luis potosí - uaslp;1654
universidad autónoma metropolitana - uam;1655
universidad central marta abreu de las villas - uclv;1656
universidad de almería;1657
universidad de castilla-la mancha - uclm;1658
universidad de santiago de chile - usach;1659
universidad estatal paulista júlio de mesquita filho - unesp;1660
universidad michoacana de san nicolás de hidalgo;1661
universidad nacional de educación a distancia - uned;1662
universidad nacional de tucumán - unt;1663
universidad nacional del sur - uns;1664
universidad técnica federico santa maría - usm;1665
universidad tecnológica metropolitana - utem;1666
universidad nacional de córdoba - unc;1667
universidade do minho - um - uminho;1668
università degli studi del sannio;1669
università degli studi di milano - unimi;1670
universität konstanz;1671
université claude bernard lyon 1 - ucbl;1672
université de montpellier;1673
université de nantes;1674
université de paris;1675
université de technologie de compiègne - utc;1676
université lumière lyon 2;1677
université pierre et marie curie;1678
universiti putra malaysia - upm;1679
university of aberdeen;1680
university of applied sciences and arts of western switzerland;1681
university of arizona - ua;1682
university of calgary;1683
university of california, davis - ucd;1684
university of colorado;1685
university of houston - uh;1686
university of new mexico–los alamos - unm-la;1687
university of north carolina at chapel hill - unc;1688
university of patras - upatras;1689
university of pittsburgh - pitt;1690
university of reims champagne-ardenne;1691
university of san francisco;1692
university of south florida - usf;1693
university of tartu - ut;1694
university of texas at dallas - utd;1695
university of tübingen;1696
university of washington;1697
university of western ontario - uwo;1698
university of wollongong;1699
upside energy & mining services s.a.s.;1700
walter p moore;1701
wbi company;1702
whu - otto beisheim school of management;1703
world resources institute - wri - ndc partnership;1704
yahoo! labs;1705
albtal-verkehrs-gesellschaft mbh - avg;1706
universidad de cordoba - españa;1707
universidad autónoma de chiapas - unach;1708
ostbayerische technische hochschule regensburg - oth ;1709
universidad intercultural del estado de méxico - uiem;1710
ernst-abbe-hochschule jena - eah jena;1711
seoul national university - snu;1712
cleva north america, inc.;1713
the new school: a university in new york city;1714
ben-gurion university of the negev - bgu;1715
jagiellonian university;1716
rheinische friedrich-wilhelms-universität;1717
university of ostrava;1718
universidad de cádiz;1719
servicio geológico colombiano o sgc - ingeominas;1720
universidad panamericana - méxico;1721
universidad autónoma de sinaloa - uas;1722
asociación iberoamericana de instituciones de enseñanza de la ingeniería;1723
asociación campesina del valle del río cimitarra - acvc;1724
benemérita universidad autónoma de puebla - buap;1725
brigham young university - byu;1726
école européenne de chimie, polymères et matériaux de strasbourg - ecpm;1727
école nationale supérieure des ingénieurs en arts chimiques et technologiques - ensiacet;1728
école nationale supérieure des mines d'alès - ema;1729
école nationale supérieure mines - télécom atlantique bretagne pays de la loire;1730
école supérieure d'agriculture d'angers - l'esa;1731
école supérieure de physique et de chimie industrielles de la ville de paris - espci paris;1732
ecole supérieure d'ingénieur-es en technologies innovantes - esitech;1733
escola politécnica da universidade de são paulo - poli-usp;1734
gobernación de cundinamarca;1735
haute école du paysage, d'ingénierie et d'architecture de genève - hepia;1736
institut universitaire de technologie robert-schuman - iut;1737
instituto tecnológico de colima - itc;1738
instituto tecnológico de orizaba - ito;1739
klaipėda university;1740
konkuk university;1741
korea university;1742
macquarie university;1743
monash university;1744
pontificia universidad católica del perú - pucp;1745
russian state social university - rgsu;1746
saint louis university - slu;1747
sociedade educacional de santa catarina - unisociesc;1748
suexpansion;1749
the hague university of applied sciences;1750
the university of seoul - uos;1751
universidad anáhuac méxico sur - uams;1752
universidad autónoma chapingo - uach;1753
universidad autónoma de coahuila - uadec;1754
universidad de ciencias y humanidades - uch;1755
universidad de colima;1756
universidad de concepción - udec;1757
universidad de la empresa - ude;1758
universidad de la república - udelar;1759
universidad de la serena;1760
universidad de talca - utalca;1761
universidad de valencia - universitat de valència-estudi general - uv;1762
universidad mayor, real y pontificia de san francisco xavier de chuquisaca - usfx;1763
universidad nacional agraria la molina - unalm;1764
universidad nacional de trujillo - unt;1765
universidad nacional del centro del perú - uncp;1766
universidad nacional mayor de san marcos - unmsm;1767
universidad politécnica de aguascalientes - upa;1768
universidad san martín de porres - usmp;1769
universidad técnica de oruro - uto;1770
universidad tecnológica de panamá - utp;1771
universidad tecnológica de tabasco - uttab;1772
universidad veracruzana - uv;1773
université de bordeaux;1774
université de strasbourg - unistra;1775
université du québec à chicoutimi - uqac;1776
université laval;1777
université libre de bruxelles - ulb;1778
university college cork national university of ireland, cork - ucc;1779
university of adelaide;1780
university of auckland;1781
university of british columbia -ubc;1782
university of curaçao mr. dr. moises frumencio da costa gomez - uoc;1783
university of dundee;1784
university of durham;1785
university of new brunswick - unb;1786
university of strathclyde;1787
university of ulsan - uou;1788
university of victoria - uvic;1789
imt lille douai - première école d'ingénieurs au nord de paris;1790
imt atlantique bretagne pays de la loire;1791
faurecia intérieur industrie;1792
smartpatient gmbh;1793
steer davies gleave;1794
honda research institute europe;1795
danmarks tekniske universitet - dtu;1796
mendelova univerzita v brně;1797
université de namur - unamur;1798
école centrale de nantes;1799
école nationale des travaux publics de l'état;1800
universidad simón bolívar - usb;1801
l'institut de recherche technologique mutualisé - irt jules verne;1802
universidad de murcia;1803
almacenes generales de depósito almaviva s.a.;1804
institut català d'investigació química - iciq;1805
centro de investigación en matemáticas - cimat;1806
université de lyon;1807
instituto de investigación en ciencias de la alimentación - cial;1808
instituto de hidrología, meteorología y estudios ambientales - ideam;1809
universität leipzig;1810
instituto distrital de ciencia, biotecnología e innovación en salud - idcbis;1811
instituto nacional de pesquisas espaciais - inpe;1812
catalonia institute for energy research;1813
hes-so valais-wallis;1814
katholieke universiteit leuven - ku leuven;1815
universidade federal de uberlândia;1816
politecnico di bari;1817
bel-star s.a.;1818
sustancias basicas colombianas sbc s.a.s;1819
dinissan s.a.;1820
américas business process services;1821
consorcio ruta 40;1822
instituto de ciencia y tecnología de alimentos - icta;1823
meridian group s.a.s.;1824
preveo s.a.s.;1825
hidromed s.a.;1826
da vinci technology services s.a.s;1827
sodexo s.a.s;1828
eaton industries (france) s.a.s.;1829
mondelez colombia s.a.s.;1830
saint-gobain colombia s.a.s.;1831
wilo salmson france;1832
level 3 colombia s.a.;1833
électricité de france;1834
grupo de investigación en mecanismos de desarrollo limpio y gestión energética;1835
grupo de investigación afis (análisis de fallas, integridad y superficies);1836
edf c.n.p.e - centre nucléaire de production d'electricité;1837
philips lighting colombiana s.a.s.;1839
mercer (colombia) ltda.;1840
siemens colombia;1841
envases plásticos packfilm ltda.;1842
ishop colombia s.a.s.;1843
departamento administrativo nacional de estadística - dane;1844
instituto colombiano agropecuario - ica;1845
compañia comercial e industrial la sabana avesco s.a.;1846
instituto san bernardo de la salle;1847
corporación social y educativa humanismo siglo xxi - corpohumanismo;1848
universidad de investigación y desarrollo - udi;1849
corporación de educación del norte del tolima - coreducación;1850
universidad católica de cuenca;1851
instituto tecnológico del putumayo;1852
instituto centro de sistemas s.a.s - system center;1853
escuela de investigación criminal teniente coronel elkin molina aldana - esinc;1854
liceo alexander von humboldt;1855
colegio morisco i.e.d;1856
ips centro terapéutico fomaci;1857
ipler ci s.a.;1858
petroherramientas y servicios ltda;1859
extrucol s.a.;1860
universidad de costa rica - ucr;1861
corporación universitaria iberoamericana;1862
tecnológico de antioquia - institución universitaria;1863
colegio cooperativo de cogua;1864
colegio san juan del camino;1865
politécnico internacional;1866
colegio andrés rosillo;1867
colegio colombo florida bilingüe;1868
liceo contadora;1869
colegio mixto 20 de julio de cartagena;1870
liceo femenino nuestra señora del pilar ;1871
universidad de el salvador - ues;1872
editora netwip internacional s.a.;1873
universidad central de colombia;1874
pixel studios;1875
kpm;1876
unidad de informática y comunicaciones - uifce;1877
instituto nacional de metrología de colombia - inm;1878
makclaus cia ltda;1879
swiss foundation for technical cooperation - swisscontact;1880
hospital universitario de la samaritana;1881
helmholtz-zentrum berlin - hzb;1882
latingraf s.a.s.;1883
instituto de astrobiología de colombia - iac;1884
jardín botánico de bogotá josé celestino mutis;1885
national institute of standard and technology - nist;1886
universidad de las fuerzas armadas - espe;1887
grupo de investigación producción ecoamigable de cultivos tropicales - proecut;1888
centro de investigación científica del rio magdalena - crimag;1889
corporación autónoma regional de los valles del sinú y del san jorge - cvs;1890
spie;1891
world wide web consortium - w3c;1892
asociación de ingenieros civiles de la universidad nacional de colombia - aicun;1893
international software testing qualifications board - istqb;1894
oracle corporation;1895
austrian society for innovative computer sciences - innoc;1896
minnesota mining and manufacturing company - 3m;1897
btg labs;1898
centro de investigación y desarrollo de tecnología digital del instituto politecnico nacional - citedi-ipn;1899
udemy;1900
vinci;1901
toyota technological institute;1902
innpulsa;1903
amazon.com, inc;1904
avance lectura avanzada;1905
legrand colombia s.a;1906
scrumstudy;1908
fujisoft inc;1909
institución educativa distrital usaquén;1910
instituto académico bethel;1911
colegio los ángeles del norte;1912
colegio gimnasio los pirineos;1913
ruta inti;1914
coursera, inc.;1915
liceo san basilio magno;1916
colegio josé manuel restrepo - ied;1917
instituto técnico industrial francisco de paula santander;1918
colegio de ingenieros civiles del azuay;1919
colegio san luis de la policia;1920
sociedad latinoamericana de ciencia y tecnología a.c;1921
asociación interamericana de ingeniería sanitaria y ambiental - aidis;1922
agroindustria tomardie s.a.;1923
universidade de aveiro;1925
universidad autónoma del estado de méxico - uaemex;1926
universidad nacional del centro de la provincia de buenos aires - unicen;1927
chalmers tekniska högskola;1928
universidad autónoma del estado de hidalgo - uaeh;1929
university of bremen;1930
école supérieure de chimie physique électronique de lyon - cpe lyon;1931
university of antwerp;1932
american school way;1933
instituto de ciencia de materiales de madrid;1934
institut méditerranéen d'océanologie;1935
universitat oberta de catalunya;1936
abo akademi;1937
fachhochschule bielefeld;1938
case western reserve university;1939
commonwealth scientific and industrial research organisation;1940
campos racing - cr tech s.l.;1941
naval postgraduate school;1942
institut für optronik, systemtechnik und bildauswertung - fraunhofer iosb;1943
institut für fabrikbetrieb und automatisierung - fraunhofer iff;1944
haute école spécialisée de suisse occidentale - hes-so;1945
air products - indura;1946
leibniz institut für festkörper und werkstoffforschung - ifw dresden;1947
instituto de agroquímica y tecnología de alimentos - iata;1948
instituto mexicano de tecnología del agua - imta;1949
ithemba labs;1950
laboratoire d'analyse et d'architecture des systèmes - laas-cnrs;1951
instituto nacional de investigaciones forestales, agrícolas y pecuarias - inifap;1952
pildo labs;1953
louisiana tech university;1954
fachhochschule münster;1955
national center for agricultural utilization research - ncaur;1956
universiteit gent;1957
université de liege;1958
norges teknisk-naturvitenskapelige universitet;1959
university of texas at san antonio;1960
universidad de xi'an jiaotong;1961
universidade federal de são carlos;1962
university of colombo;1963
universidad tecnológica laja bajío;1964
fundación universitaria del área andina;1965
universidad de la coruña;1966
american institute of chemical engineers;1967
american society for horticultural sciences;1968
american society for microbiology;1969
american society of civil engineers;1970
asociación colombiana de medicina interna - acmi;1971
international association for pattern recognition;1972
asociación colombiana de facultades de administración - ascolfa;1973
asociación colombiana de fitopatología y ciencias afines - ascolfi;1974
asociación colombiana de corrosión y protección - ascor;1975
asociación argentina de control automático - aadeca;1977
asociación argentina de historia económica;1978
asociación argentina de horticultura - asaho;1979
asociación argentina de ingenieros químicos - aaiq;1981
asociación argentina de la ciencia del suelos;1982
asociación argentina de mecánica computacional;1983
asociación argentina de microbiología;1984
asociación argentina de salud mental;1985
asociación argentina de tecnología espacial;1986
asociación brasileña de polímeros;1988
asociación brasileña de corrosión abraco;1989
asociación brasilera de ingeniería y ciencias mecánicas;1990
asociación colombiana de automática;1991
asociación colombiana de botánica;1992
asociación colombiana de ciencia y tecnología de alimentos;1993
corporación educativa american school;1994
centro educativo el castillo de san mateo;1995
liceo lorens;1996
fundación universitaria san mateo;1997
corporación de educación tecnológica colsubsidio cet;1998
grupo formarte s.a.s.;1999
superprofe.co;2000
escuela normal superior del distrito de barranquilla;2001
fundación universitaria de san gil - unisangil;2002
liceo juan pablo ii;2004
escuela de artes y letras;2005
colegio liceo del rosario;2006
instituto tecnisistemas;2007
firefly-e;2008
universidad nacional de colombia - sede bogotá - grupo complexus;2009
grupo de desarrollo tecnológico en óptica aplicada;2011
centro de investigación y desarrollo tecnológico de la industria electro electrónica y tic - cidei;2012
ingenio pantaleón, bioetanol s.a;2013
transparencia por colombia;2014
alta consejería distrital de las tic;2015
technische universität clausthal - tu clausthal;2016
conalmarmoles sas;2017
alcaldía municipal de yacuanquer nariño;2018
centro de investigación corpogen;2019
flexim;2020
colegio nueva york;2021
colegio de la presentación sans facon;2022
asociación colombiana de facultades de ingeniería;2023
stanford university;2024
centro de idiomas y turismo de cartagena;2026
instituto pedro justo berrío;2027
baden-württemberg stiftung;2028
organization of american states;2029
rapsodee research centre umr cnrs;2030
dirección de impuestos y aduanas nacionales;2031
simelc electromecánica s.a.s.;2032
centro de investigación de las telecomunicaciones - cintel;2033
ecologic sas;2034
bohler – uddeholm colombia s.a;2035
valkymia s.a.s;2036
blacksip;2037
wir sind national instruments in dresden ;2038
sopesa s.a.;2039
business integration partners spa;2040
secardeo gmbh;2041
cea-leti: laboratoire d'électronique des technologies de l'information;2042
dow química de colombia s.a;2043
givaudan;2044
swissarom s.a.s. ;2045
slabcode s.a.s;2046
swiss federal laboratories for materials science and technology - empa;2047
züblin stahlbau gmbh;2048
université de montréal;2049
dirección nacional de tecnologías de la información y las comunicaciones - dntic;2050
contraloría de bogotá ;2051
boehringer ingelheim international gmbh;2052
tecnalia research & innovation;2053
wake forest university;2054
red verde ecológica;2055
centro nacional de producción más limpia - cnpml ;2056
instituto caro y cuervo;2057
universität für bodenkultur wien;2058
consejo nacional de ciencia y tecnología - conacyt;2059
czech technical university in prague - ctu;2061
sistemas insepet cia ltda;2062
industrial process mechanics s.a.s., ;2063
hyva holding b.v;2064
azul k s.a;2065
nelson aníbal pinzón casallas;2066
neia s.a.s;2067
aflore s.a.s.;2068
cummins de los andes s.a;2069
superservicios;2070
novambientti soluciones ambientales;2071
aguas de manizales s.a. esp;2072
mixed media ltda;2073
software shop de colombia s.a.s.;2074
tatic soluciones en informática;2075
akademia górniczo-hutnicza im. stanisława staszica w krakowie;2076
institut de chimie et procédés pour l’énergie, l'environnement et la santé - icpees;2078
ecole de biologie industrielle - ebi;2080
université de lille;2081
procafecol s.a.;2082
ministerio de minas y energía;2083
challenger s.a.s.;2085
gaseosas colombianas s.a.s.;2086
cpl aromas colombia ltda;2087
mercury trade finance solutions;2088
pepsico alimentos colombia;2089
palmas oleaginosas de cáscara ltda;2090
cardiff university;2091
universidad de león;2092
dicol ltda;2093
dirección de impuestos y aduanas nacionales - dian;2094
archivo general de la nación;2095
transformadores s.a;2096
sunshine bouquet s.a. ;2097
ehu - ingeniería de proyectos s.a.s;2098
grupo energía de bogotá;2099
unidad de servicios penitenciarios y carcelarios - uspec;2100
internet services latam s.a.s.;2101
irt saint exupery;2102
netafim colombia ltda;2103
agència de salut pública de barcelona;2104
oficina comercial de taipei en colombia;2105
aix marseille université - amu;2106
alice salomon university of applied sciences berlin - ash;2107
arizona state university - asu;2108
biblioteca luis ángel arango;2109
banco santander s.a;2110
běijīng wàiguóyǔ dàxué;2111
cámara minera del perú - camiper;2112
campus iberus;2113
centro agronómico tropical de investigación y enseñanza;2114
centro de investigación en alimentación y desarrollo a.c.;2115
universidad nacional de san antonio abad del cusco - unsaac;2117
instituto tecnológico superior de misantla;2118
huawei technologies colombia sas;2119
université d'avignon et des pays de vauclus;2120
fundación carolina;2121
universidad de ciencias y artes de chiapas;2122
staatliche lehr-und versuchsanstalt für gartenbau heidelberg;2123
universidade federal do paraná;2125
universitá degli studi di perugia;2126
école nationale supérieure d'architecture paris-malaquais;2127
institut national d'études supérieures agronomiques de montpellier - montpellier supagro;2128
école nationale supérieure des arts décoratifs - ensad;2129
eurac research;2130
north carolina state university;2131
 hiroshima daigaku;2132
universität trier;2133
universidad de la laguna;2134
universidad mayor de san andrés - umsa;2135
universidad nacional intercultural de la amazonía - unia;2136
centro de investigación y docencia económicas - cide;2137
centro oriental de ecosistemas y biodiversidad - bioeco;2138
zhōngguó kēxuéyuàn;2139
christian children's fund;2140
colegio de méxico;2141
comisión económica para américa latina y el caribe - cepal;2142
comisión regional de ciencia y tecnología para la costa atlántica;2143
consorzio nazionale della cooperazione sociale gino mattarelli - cgm;2144
contraloría departamental del amazonas;2145
contraloría general de la república;2146
coopen network;2147
corporación autónoma regional de las cuencas de los ríos negro y nare - cornare;2148
departamento administrativo de presidencia de la república - dapre;2149
dirección general marítima - dimar;2150
école des hautes études en sciences sociales - ehess;2151
école nationale d'architecture de nantes - ensa nantes;2152
ecole nationale d'ingénieurs de saint-etienne - enise;2153
ecole nationale supérieure d'architecture de paris la villette - ensaplv;2154
école normale supérieure de lyon;2155
ecole supérieure d'art avignon;2156
el colegio de san luis;2157
embajada de la republica islamica de iran;2158
école pour l'informatique et les nouvelles technologies - epitech;2159
facultad latinoamericana de ciencias sociales - flacso;2160
federación nacional de organizaciones de vivienda;2161
fondation maison des sciences de l'homme;2162
freie universität berlin - fub;2163
fulbright colombia;2164
fundação memorial da américa latina;2165
gobernación de casanare;2166
gobernación del guaviare;2167
gobernación del vaupés;2168
hankuk university of foreign studies;2169
hochschule geisenheim university;2170
hochschulrektorenkonferenz;2171
húběi wénlǐ xué yuàn;2172
institut de recherche pour le développement - ird;2173
institut des sciences et technologies de paris - paristech;2174
chinese academy of social sciences;2175
instituto colombiano de crédito educativo y estudios técnicos en el exterior -  icetex;2176
instituto de cooperación iberoamericana - ici;2177
instituto de ecología, a.c. - inecol;2178
instituto de los seguros sociales;2179
instituto de salud carlos iii;2180
instituto federal de educação, ciência e tecnologia de rondônia;2181
instituto francés de estudios andinos - ifea;2182
instituto para la investigación y la preservación del patrimonio cultural y natural del valle del cauca - inciva;2183
instituto de investigaciones eléctricas;2184
universidad agraria de la habana “fructuoso rodríguez pérez” - unah;2185
instituto superior minero metalúrgico de moa - ismmm;2186
instituto venezolano de investigaciones científicas - ivic;2187
jeju national university;2188
junta de castilla y león;2189
korea digital hospital export agency - kohea;2190
laboratorios bussié s.a.;2191
leibniz-institut für ökologische raumentwicklung - ioer;2192
ivane javakhishvili tbilisi state university;2193
ludwig-maximilians universität münchen - lmu;2194
massey university;2195
academia diplomática augusto ramírez ocampo;2196
museum für naturkunde - leibniz institute for evolution and biodiversity science;2197
organización de las naciones unidas para la educación, la ciencia y la cultura - unesco;2198
organización latinoamericana de energía - olade;2199
osservatorio astronomico di brera - inaf - oa-brera;2200
peter the great st. petersburg polytechnic university;2201
red de macro universidades de américa latina y el caribe;2202
red iberoamericana de biotecnología isla negra - riabin;2203
hochschule rhein-waal - hsrw;2204
ryerson university;2205
secretaría general de la organización de los estados americanos - oea;2206
senckenberg gesellschaft für naturforschung - sgn;2207
seoul international summer school - iss;2208
sinergias alianzas estratégicas para la salud y el desarrollo social;2209
sky systems co., inc;2210
sofia university st. kliment ohridski;2211
sookmyung women's university;2212
stockholm environment institute - sei;2213
superintendencia de la economía solidaria - supersolidaria;2214
the university of the west indies - uwi;2215
tropenbos international;2216
unión de aseguradores colombianos - fasecolda;2217
universidad andina simón bolívar - uasb;2218
universidad autónoma agraria antonio narro - uaaan;2219
universidad autónoma de guerrero - uagro;2220
universidad autónoma de tamaulipas - uat;2221
universidad autónoma de tlaxcala - uat;2222
universidad autónoma del carmen - unacar;2223
universidad casa grande;2224
universidad autónoma de zacatecas - uaz;2225
universidad católica de temuco;2226
universidad católica del norte - ucn;2227
universidad central del ecuador;2228
universiteit van amsterdam - uva;2229
universidad de antofagasta - ua;2230
universidad de burgos - ubu;2231
universidad de especialidades espíritu santo - uees;2232
universidad de investigación de tecnología experimental yachay - universidad yachay - yachay tech;2233
universidad de la república - udelar;2234
universidad de las artes - ua;2235
latvijas universitāte - lu;2236
universidad de sonora - unison;2237
universidad de valparaíso - uv;2238
wageningen university & research - wur;2239
universidad del museo social argentino - umsa;2240
universidad del salvador - usal;2241
yuzhni federalni universitet;2242
universidad nacional de avellaneda - undav;2243
universidad nacional de costa rica;2244
universidad nacional de ingeniería - uni;2245
universidad nacional de la amazonía peruana - unap;2246
universidad nacional de la pampa - unlpam;2247
universidad nacional de rosario - unr;2248
universidad nacional de san luis - unsl;2249
universidad nacional de san martín - unsam;2250
universidad nacional de tres de febrero - untref;2251
universidad nacional del nordeste - unne;2252
universidad nacional federico villarreal - unfv;2253
universidad nebrija;2254
universidad pablo de olavide - upo;2255
universidad peruana cayetano heredia - upch;2256
universidad politécnica de pachuca - uppachuca;2257
universidad popular autónoma del estado de puebla - upaep;2258
universidade presbiteriana mackenzie;2259
universidad técnica de manabí - utm;2260
universidade católica dom bosco - ucdb;2261
universidade católica portuguesa - ucb;2262
universidade do estado do rio de janeiro - uerj;2263
universidade estadual do centro-oeste - unicentro;2264
universidade estadual do norte fluminense darcy ribeiro - uenf;2265
universidade federal da bahia - ufba;2266
universidade federal de ciências da saúde de porto alegre - ufcspa;2267
universidade federal de lavras - ufla;2268
universidade federal do rio grande do norte - ufrn;2269
universidade feevale;2270
università campus bio-medico di roma - ucbm;2271
università cattolica del sacro cuore - ucsc;2272
università degli studi di genova;2273
università degli studi di napoli l'orientale - unior;2274
università degli studi di palermo;2275
universität regensburg - ur;2276
universität zürich - uzh;2277
université de rouen normandie;2278
université de tours - ufr;2279
université paris 13;2280
université paris diderot;2281
université saint-louis - bruxelles;2283
université sorbonne nouvelle - paris 3;2284
university of bath;2286
universität bonn;2287
university of california, merced - uc merced;2288
university of edinburgh;2289
uniwersytet łódzki;2290
university of massachusetts - umass boston;2291
university of nebraska–lincoln - unl;2292
university of northumbria at newcastle;2293
university of queensland;2294
university of regina - ur;2295
university of saskatchewan - usask;2296
university of wyoming - uw;2297
uniwersytet warszawski;2298
universidade do estado do pará - uepa;2299
victoria university of wellington;2300
vrije universiteit amsterdam - uv;2301
waseda daigaku;2302
west virginia university;2303
yeongnam daehakgyo;2304
munich zoo hellabrunn;2305
instituto argentino de oceanografía;2306
3m corporate research materials laboratory;2307
airbus;2308
accenture ltda.;2309
act telematica s.a.;2310
allegion colombia s.a.s.;2311
almacenes generales de deposito de cafe s.a. almacafe;2312
axa colpatria capitalizadora s.a.;2313
basf quimica colombiana s.a.;2314
bell flavors & fragances colombia s.a.s.;2315
beneficiar entidad cooperativa;2316
biotecnik s.a.s.;2317
brus refrigeration of colombia ltda;2318
carrera arango s.a.s.;2319
colombiana de ingenieria y suministros ltda.;2320
cooperativa de profesores de la universidad nacional - cooprofesoresun.;2321
corporacion geoambiental terrae;2322
croda sucursal colombia;2323
diaco s.a.;2324
dicore santamaria s.a.s.;2325
direccion general maritica - dimar  ;2326
distripaq s.a.s.;2327
dos  g  s.a.s.;2328
engineering & telecomunicacion solution s.a.s.;2329
exicarton s.a.s.;2330
fundacion circular crops;2331
fundacion materializacion 3d;2332
grupo c2 s.a.s.;2333
guevara alvarez ingenieros;2334
hector julio fierro morales;2335
hitachi vantara colombia s.a.s.;2336
hmv ingenieros ltda;2337
hornitos panaderia y pasteleria;2338
ingenieria y servicios tecnicos seringtec s.a.s.;2339
ingercivil s.a.s.;2340
instalaciones hidraulicas y sanitarias w.c. s.a.s.;2341
instituto colombiano de antropologia e historia - icanh;2342
inzeta s.a.s.;2343
ipromec s.a.s.;2344
it  270  s.a.s.;2345
jaboneria ladys d&d s.a.s. (jls);2346
katharsis s.a.s.;2347
klee software  s.a.s.;2348
klimatizar colombia s.a.s.;2349
lumon s.a.s.;2350
macroproyectos sas;2351
mps mayorista de colombia s.a.;2352
novasec s.a.s.;2353
novatours ltda;2354
novus ingenieria s.a.s.;2355
performance speciality products colombia s.a.s.;2356
perfumeria cosmeticos y farmaceuticos ltda.;2357
persom empresa de servicios temporales s.a.s.;2358
proalco beakert s.a.s. (productora de alambres colombianos);2359
procesos y operaciones ltda.;2360
prosuin de colombia s.a.s.;2361
refinancia s.a.s.;2362
ricoh colombia s.a.;2363
robotica colombia s.a.s.;2364
rokk3rlabs colombia s.a.s.;2365
rtrc  colombia ltda  (rosen gruoup);2366
schaller desing & technology s.a.s.;2367
sociedad agricola de palmeros s.a. - agropalma s.a.;2369
surelin ltda.;2370
tech data s.a. colombia s.a.s.;2372
tratamientos quimicos industriales s.a.s.;2373
unilever colombia scc sas ;2374
warco s.a.s.;2375
zulca empresa de servicios temporales;2376
fachhochschule südwestfalen - fh-swf;2377
frankfurt university of applied sciences;2378
instituto tecnológico de mazatlán;2379
instituto tecnológico de querétaro;2380
universidad pedagógica nacional francisco morazán - upnfm;2381
universidad valle del momboy - uvm;2382
universidade de lisboa;2383
profactor gmbh - upper austrian reaserch group - uar;2384
tōhoku daigaku;2385
fiorello h. laguardia community college;2387
école nationale supérieure de l'aéronautique et de l'espace;2388
novosibirsk state technical university;2389
université de la manouba;2390
tecnológico nacional de méxico - tecnm;2392
mmm münchener medizin mechanik gmbh;2393
universidad politécnica de chiapas;2394
universidad politéctica de cataluña;2395
the center for development research;2396
louisiana state university;2397
sigma engineering gmbh;2398
universidad autónoma metropolitana iztapalapa;2399
pázmány péter catholic university;2400
junta directiva del club de ingenieros de bogotá d.c;2401
facultad de enfermería - universidad nacional de colombia;2402
congreso de la republica de colombia - senado de la republica;2403
republica de colombia - cámara de representantes;2404
universitat pompeu fabra;2405
superintendencia de servicios públicos domiciliarios;2406
bmw group;2407
engineering and telecommunication solution;2408
serinteg s.a.s;2409
aje colombia;2410
aireflex de colombia s.a.s;2411
diana corporación s.a.s;2412
cen&t ingenieros consultores s.a.s.;2413
b smart eu;2414
everis colombia ltda;2415
université de bretagne occidentale (ubo);2416
soluciones alumtec s.a.s;2417
knar s.a.s;2418
perenco colombia ltda;2419
sertecpet de colombia s.a;2420
guivaudan colombia s.a.s.;2421
textilia s.a.s;2422
worldwide engineering solutions team;2423
grupo cubo ltda;2424
universidad nacional de chonnam;2425
concejo de bogotá;2426
grob – werke gmbh & co.kg;2427
colegio ciudad bolivar - argentina (ied);2428
corporación educativa internacional de la ciencia - cedec;2429
colegio chuniza (ied);2430
cursosycapacitaciones.co;2431
colegio la floresta sur (ied);2432
colegio luis vargas tejada (ied);2433
colegio eugenia ravasco;2434
colegio del divino niño;2435
colegio rufino jose cuervo (ied);2436
escuela superior de guerra;2437
saludplus instituto de educacion para el trabajo y desarrollo humano s a s;2438
corporación universitaria de asturias;2439
unidad educativa municipal ciudad ebenezer;2440
politécnico indes;2441
liceo hypatia;2442
liceo val;2443
liceo campestre andino;2444
instituto san ignacio de loyola;2445
instituto politenico monseñor manuel sorzano gonzaléz;2446
institución universitaria latina unilatina;2447
gimnasio campestre marie curie;2448
fundación colombia somos todos;2449
fundación pro-saber;2450
educación interamericana técnica - fit;2451
cymetria group;2452
corporacion instituto superior de educación social - ises;2453
colegio técnico república de guatemala;2454
renfort - apoyo escolar ;2455
centro social marie poussepin;2456
centro educativo los andes almendros;2457
cad ingenieria y sistemas s a s;2458
centro de electricidad, electrónica y telecomunicaciones - sena;2459
international center for numerical methods in engineering - cimne;2460
colegio kapeirot;2461
corporacion colombiana de investigacion agropecuaria - agrosavia;2462
empresa publica metropolitana de agua potable y saneamiento - epmaps;2463
fundación universitaria sanitas - unisanitas;2464
ghent university;2465
instituto tecnico agrícola;2466
ames laboratory;2467
universidad nacional de santiago del estero;2468
alcaldía municipal pitalito huila;2469
asociación colombiana de ciencias biológicas;2470
asociación colombiana de electroquímica;2471
asociación química argentina;2472
fundación colfuturo;2473
universidad nacional experimental politécnica antonio josé de sucre;2474
tricalcar - tejiendo redes inalámbricas comunitarias en américa latina y el caribe;2475
sociedad cubana de química;2476
project management institute;2477
phi beta kappa society;2478
green climate fund;2479
international physics olympiad;2480
olimpiada iberoamericana de física;2481
national instruments;2482
mathworks;2483
liceo nacional de bachillerato;2484
instituto tecnico industrial pedro castro monsalvo;2485
centro don bosco;2486
instituto nacional de ciberseguridad;2487
institución educativa san josé;2488
institución educativa juan bautista migani;2489
institución educativa ismael perdomo borrero;2490
institución educativa escuela normal superior nuestra señora de la candelaria;2491
colegio departamental la esperanza;2492
international conference on renewable energy research and applications.;2493
instituto técnico industrial francisco josé de caldas;2494
escuela militar de cadetes josé maría córdova;2495
corporación de fomento de la producción;2496
coonfie;2498
universidad anáhuac cancún;2500
parques nacionales naturales de colombia;2501
proyecto kalú;2502
unión europea;2503
latvijas universitāte;2504
instituto superior de ciencias agropecuarias de cuba;2505
instituto de estudios territoriales de cataluña;2506
swiss tropical and public health institute (swiss tph);2507
universidad de las artes de la república de ecuador;2508
ministerio de salud y protección social;2509
kth royal institute of technology;2510
municipio de providencia y santa catalina;2511
universidad de curazao;2512
misión diplomática de palestina en colombia;2513
ministerio de relaciones exteriores;2514
universidad estatal social de rusia;2515
general electric international inc sucursal colombia;2517
hino motors manufacturing colombia s.a.;2518
insepet s.a.s;2519
intecmo s.a.s;2520
instituto de soldadura welder skill s.a.s;2521
neiatec s.a.s.;2522
merck group s.a;2523
asociación asvifutari;2524
bosachoque, cucharal alto, macarena y refugio infantil;2525
centro andino de estudios técnicos;2526
colegio liceo nuestra señora de aranzazu;2527
corporación internacional para el desarrollo educativo;2528
corporación técnica del petróleo;2529
corporación tecnológica de bogotá;2530
corporación universitaria del caribe;2531
"jardín infantil ""los ángeles""";2532
centro de investigación y extensión rural - cier - universidad nacional de colombia;2544
secretaria de tránsito y transporte de tunja;2545
open english;2546
pte academic: pearson english language test;2547
instituto meyer enseña;2548
centro de idiomas jessiper;2549
oxford;2550
international language academy of canada - ilac;2551
celpe-bras;2552
ministerio de educación nacional de francia;2553
asociación colombiana para el avance de la ciencia - acac;2554
bsg institute;2555
colegio fundación colombia;2556
colegio gimnasio paraíso antares;2557
colegio parroquial san andrés;2558
fuerza naval del pacífico;2559
institución educativa jorge eliecer gaitan;2560
institución educativa josé de la vega;2561
institución educativa luis carlos galan sarmiento;2562
institución educativa san isidoro;2563
institucion educativa san sebastian;2564
la corporación tecnnova universidad empresa estado;2565
parex resources inc.;2566
ptv planung transport verkehr ag;2567
revista zona logística;2568
sololearn;2569
abb colombia ltda.;2570
vivelab bogota;2571
madwolf s.a.s.;2572
imt mines albi - école mines;2573
banco davivienda s.a.;2574
eterna s.a.;2575
sanofi aventis;2576
stanton s.a.s;2577
alcaldía municipal de pacho, cundinamarca;2578
cervecería gigantes s.a.s.;2579
a.w. faber castell colombia ltda;2580
kellogg de colombia s.a.;2581
kóndoro s.a.s.;2582
texas oiltech ltda;2583
general fire control s.a.;2584
nissan s.a.;2585
fertirriego  ltda;2586
manantiales del frontino s.a.s.;2587
corporación salud un;2588
linde aktiengesellschaft;2589
instituto nacional de medicina legal y ciencias forenses;2590
laboratorio de innovación en alta tensión y energías renovables;2591
banco de bogotá;2592
test of english for international communication;2593
agco corporation en marktoberdorf;2594
sygla colombia ltda;2596
asociación colombiana de generadores de energía eléctrica;2597
cqm consultoría sas;2598
joli foods s.a.s.;2599
new brands s.a.s.;2600
pelikan colombia s.a.s.;2601
airbus operations gmbh;2602
flux ingenieros s.a.s.;2603
schadel ltda - alimentos al consumidor;2604
euromallas s.a.s.;2605
ajover s.a.;2606
minka colombia s.a.s.;2607
rwth aachen university;2608
cenati s.a.s.;2609
universidade de de evora;2610
red prideras;2611
escuela militar de suboficiales;2612
ministerio de defensa nacional;2613
organización de estados iberoamericanos para la educación, la ciencia y la cultura;2614
gait and clinical movement analysis society;2615
institute for research and publication (irp);2616
consejo latinoamericano ciencias sociales;2617
athabasca university;2618
escuela de infantería del ejército nacional de colombia;2620
federación mexicana de ingeniería sanitaria y ciencias ambientales;2621
embajada de la india;2622
instituto nacional de salud pública de méxico;2623
international union of forest research organizations;2624
university of malaya;2625
education soul s.a.s;2626
universidad del medio ambiente;2627
isae-supaero;2628
iut robert schumann;2629
erma energy;2630
servicio nacional de aprendizaje regional casanare;2631
apps.co;2632
asociación de laboratorios farmacéuticos de investigación y desarrollo afidro;2633
asociación colombiana de radiología - acr;2634
cotton incorporated;2635
editorial springer-verlag;2636
elsevier;2637
international association for the evaluation of educational achievement - iea;2638
national institute for entrepreneurship and small business development - niesbud;2639
universität des saarlandes;2640
universidad de tarapacá;2641
unidad de planeación minero energética upme;2642
global network for human rights and the environment - gnhre;2643
alpina productos alimenticios s.a.;2644
cimpa s.a.s;2645
consejo nacional de la calidad de la leche;2647
acoltec internacional s.a.s.;2648
lafargeholcim ltd;2649
insak s.a.s.;2650
arintia group s.a.s.;2651
instituto colombiano de normas técnicas y certificación;2652
national aeronautics and space administration - nasa;2653
soluciones bi consulting;2654
universidade federal de itajubá;2655
meq ingenieria s.a.s;2656
bare tacker farmer national;2658
instituto tecnológico de tuxtla gutiérrez;2659
king abdullah university of science and technology;2660
asociación colombiana de investigación operativa;3311
asociacion de exalumnos de la universidad nacional de colombia;3312
corporación autónoma regional del quindio - crq;3313
10th world congress of chemical engineering;3314
agencia nacional de defensa jurídica del estado;3316
université du québec á montréal;3317
sharp corporation;3318
north american catalysis society;3319
sociedad mexicana de ciencia y tecnología de superficies y materiales;3320
applus colombia;3321
bryn mawr college;3322
burg giebichenstein university of art and design halle;3323
ccti;3324
centro de investigación en química aplicada;3325
corporación instituto superior de educación social;3326
delaware county community college;3327
école centrale paris ;3328
esade business school;3329
escuela de liderazgo transformador;3330
escuela politécnica del ejercito (universidad de las fuerzas armadas);3331
florida atlantic university;3332
"fuerza aérea colombiana - escuela de postgrados ""capitán josé edmundo sandoval""";3333
fundación argentina de nanotecnología ;3334
fundación universitaria de la camara de comercio de bogotá uniempresarial;3335
george mason university;3336
global knowledge;3337
harvard university;3338
henley management college ;3339
ictp south american institute for fundamental research;3340
ifp school rueil-malmaison, france;3341
imperial college london;3342
indian railway institute of mechanical & electrical engineering;3343
instituto de investigaciones ecológicas;3344
instituto universitario politécnico santiago mariño;3345
it tools;3346
lehigh university;3347
saint petersburg mining university;3348
moscow power engineering institute;3349
organización iberoamericana de protección contra incendio ;3350
philips international institute of technological studies;3351
politécnico de suramerica;3352
proasistemas s.a.;3353
secretaria distrital de salud - subdirección de gestión de riesgo en emergencias y desastres;3354
sociedad de ingenieros y arquitectos de bolívar;3355
state university of new york at buffalo;3356
universidad austral de chile ;3357
universidad cuauhtémoc de mexico;3359
universidad de américa;3360
universidad de ciencias y tecnologia - houari boumediene;3361
universidad de cuenca;3362
universidad de glasgow senado;3363
universidad de guanajuato;3364
universidad de manizales;3365
universidad del norte - uninorte;3366
universidad del pacífico;3367
universidad del sinu - elias bechara zainum;3368
universidad internacional iberoamericana;3369
universitat politecnica de catalunya;3370
universidad pontificia comillas;3371
universitat ramon llull;3372
universidad santa maría;3373
technische universität braunschweig;3374
universidade de fortaleza;3375
yale university;3376
université de limoges;3377
university of applied sciences europe;3378
university of cincinnati;3379
university of manitoba;3380
xxii congreso latinoamericano de estudiantes de ingeniería química;3381
academia de ciencias de cuba;3382
academia nacional de comunicación de odessa;3383
agencia española de cooperación internacional;3384
alcaldía municipal de pereira;3385
american control conference;3386
argentinian science & technology promotion agency;3387
asociación colombiana de ingeniería química;3388
asociación colombiana de distribuidores de energía eléctrica;3389
asociación colombiana de facultades de ingeniería;3390
asociación colombiana de ingenieria sanitaria y ambiental;3391
asociación de ingenieros electricistas y electrónicos de la universidad nacional;3392
asociación de ingenieros javerianos;3393
asociación de ingenieros mecánicos de la universidad nacional de colombia;3394
asociación latinoamericana y del caribe de ingenieria agricola;3395
advances in social network analysis and mining;3396
asociación universitaria iberoamericana de posgrado;3397
brigard & castro firma de abogados;3398
brite-euram iii;3399
central research fund;3400
centro de estudios en francia;3401
centro internacional de investigaciones para el desarrollo;3402
centro nacional de actualización docente;3403
chartered institution of water and environmental management;3404
centro de investigación y desarrollo tecnológico;3405
civilingenjörsförbundet;3406
rotary international;3407
colegio antonio nariño (h.h.corazonistas);3408
colegio hispano inglés;3409
colegio nazareth;3410
comunidad europea marie curie;3411
congreso de ingeniería mecánica y iii de ingeniería mecatrónica;3412
congreso español de informática;3413
congreso latino e iberoamericano de químicos cosméticos;3414
consejo nacional de acreditación;3415
consejo profesional de ingenieria química de colombia;3416
consejo profesional nacional de ingenierías eléctrica, mecánica y profesiones a fines;3417
conselho nacional de desenvolvimento científico e tecnológico;3418
consortium of the americas for interdisciplinary science;3419
círculo nortesandandereano de ingeniería civil;3420
deutsche akademische austausch dienst;3421
electronica y telecomunicaciones;3422
elipse software ltda;3423
embajada de españa;3424
empresa de energía de bogotá;3425
empresa qualyplasticos;3426
cedrat technologies;3429
estado de israel;3430
federación iberoamericana de ingeniería mecánica;3431
katholische studierenden und hochschulgemeinde für wissenschaft, kultur und forschung;3432
feria regional de la ciencia;3433
flexsim;3434
fundación alejandro ángel escobar;3435
fundación hispanoamérica bien escrita;3436
fundación mariano ospina pérez;3437
fundação calouste gulbenkian;3438
fundação de amparo à pesquisa do estado do rio de janeiro;3439
fundação para a ciência e tecnologia;3440
academia colombiana de ciencias exactas fisicas y naturales;3441
fraunhofer-institut für chemische technologie;3442
globlaltic;3443
gobernación de arauca;3444
gobernación de risaralda;3445
gobierno de candá;3446
gobierno nacional de la república de colombia;3448
instituto brasileiro de petróleo e gás;3449
fundacion soluciones academicas;3450
ii congreso colombiano de biotecnologia e ingenieria biomedica;3451
industrial engineering and operations management society;3453
instituto colombiano de energia electrica;3454
instituto marqués de san jorge;3455
swedish institute;3456
instituto tecnológico y de estudios superiores de monterrey;3457
international association of hydrological sciences;3458
international chinese language program;3459
international conference on bond graph modeling and simulation;3460
international conference on lightning protection;3461
international journal of podology;3462
sice;3463
inter-american development bank;3464
jornadas de computación reconfigurable y aplicaciones;3465
kommission für forschungspartnerschaften mit entwicklungsländern;3466
korea foundation for advanced studies;3467
los grupos de investigación de la región del valle del cauca;3468
ministerio de educación de cuba;3469
ministerio de educación de mexico;3470
ministerio de obras públicas;3471
netherlands fellowship programmes;3472
north american catalysis society;3473
water for people committee;3474
organización para la excelencia de la salud;3475
pan american health organization;3476
periodismo tecnológico;3477
pfizer;3478
cámara de representantes de colombia;3479
programa de becas de alto nivel de la unión europea para américa latina;3480
programa de cooperación interuniversitaria estudiantes;3481
programa iberoamericano de ciencia y tecnología para el desarrollo;3482
programa nacional de transferencia de tecnología agropecuaria;3483
association overseas training service de japón;3484
radio club of america;3485
revista dinero;3486
royal college of vice-chancellors;3487
secretaria de relaciones exteriores de méxico;3488
servicio alemán de intercambio académico;3489
servicio de intercambio académico;3490
shell colombia s.a.;3491
sociedad colombiana de cirugía ortopédica y traumatología;3492
asociación colombiana de investigación operativa;3493
sociedad japonesa de mecánica de suelos e ingeniería de fundaciones;3494
society of automotive engineers;3495
asociación iberoamericana de educación superior a distancia;3496
swiss agency for development and cooperation;3497
talent and innovation competition of the americas;3498
korean institute of chemical engineers;3499
multicultural engineering programs office;3500
thomson reuters corporation;3501
trolltech y sharp co.;3502
university of central florida;3503
uk higher education funding bodies;3504
unión de universidades de américa latina y el caribe;3505
union europea;3506
union radio scientifique international;3507
united states patent and trademark office;3508
universidad de química fina;3509
united states of america;3510
world conference on transport research society;3511
encuentro de informática universitaria;3512
institucion asociacion brasilena de ingenieria geologica y medio ambiente;3513
sodimac s.a.;3515
distribuidora toyota s.a.s;3516
siemens s.a.;3518
tipiel s.a.;3519
givaudán colombia s.a.s.;3520
altea farmacéutica s.a.;3521
cu conectores s.a.s.;3523
neia s.a.s.;3524
pevaar software factory s.a.s;3525
chani s.a.s.;3526
cerro matoso s.a.;3527
aton dynamics s.a.s.;3529
université de picardie jules verne;3530
international english language testing system;3532
transportadora de gas internacional s.a. esp;3533
protenus s.a.s.;3534
inelcol sas;3535
cameron colombia llc sucursal colombiana;3536
dental core sas;3537
planeta informática ltda;3538
test of english as a foreign language;3540
astrazeneca colombia;3541
wes construcciones s.a.s.;3542
ircc s.a.s;3543
consultoria y servicios conocer ltda.;3544
nofrontier sas;3545
blanc labs;3546
universidade federal do goiás;3547
fundación cardio infantil;3548
puig colombia;3549
electricidad y seguridad consultores s.a.s.;3550
termomorichal s.a.s.;3551
procaps s.a;3552
agencia nacional de seguridad vial;3553
gap construcciones sas;3554
carl zeiss meditec;3555
quala nova;3556
continental ag;3557
belectric gmbh;3558
b&c biosciences sas;3559
cambridge assessment international education - esol;3560
westchester community college;3561
ef education first;3562
sanofi-aventis de colombia s.a.;3563
metalmecánica ingeniería y diseño – mind sas;3564
merck s.a.;3565
high tech software sas;3566
école nationale supérieure de chimie de paris;3567
universidad de ibagué;3568
école polytechnique de parís;3570
cafesalud eps sa ;3571
eléctrica nacional s.a.s;3572
etra interandina;3573
entidad geopark colombia s.a.s;3574
secretaría de movilidad de soacha;3575
ministerio de vivienda;3576
cameron – a schlumberger company;3577
alianza team;3578
grupodot s.a.s;3579
axa colpatria;3580
gathergeist s.a.s;3581
procorr profesionales en corrosión s.a.s.;3582
fundación universitaria internacional de la rioja;3583
mcgill university;3584
fiduagraria s.a.;3585
grupo empresarial pinzon muñoz sas;3586
gran tierra energy colombia;3587
danisco colombia ltda;3588
laboratorios natural freshly sas;3589
vision on technology for a better world - vito;3590
école centrale de lille - university of lille;3591
université du québec à troisrivières;3592
instituto federal de educación pública universidad técnica estatal de moscú n.e bauman;3593
institut d’optique graduate school paristech;3594
institut d’optique graduate school paristech;3595
grupo paristech  ;3596
air liquide - campus innovation paris;3597
arantinga inc.;3598
école centrale de lille - university of lille;3599
treeium inc;3600
the th köln (itt) - university of applied sciences cologne ;3601
instituto de investigación y tecnología agroalimentarias- irta;3602
l´ecole nationale supérieure de chimie de rennes (ensc);3603
ulm university  ;3604
university of siegen;3605
stony brook university, new york ;3606
universidad de los andes ;3607
gers s.a.s.;3608
big bang techfounders s.a.s;3609
sales & marketing s.a.s;3610
colombian hemp industry s.a.s;3611
ingenio colombiano ingco sas;3612
universidad paris xiii - universidad sorbonne paris nord;3613
université gustave eiffel;3614
red internacional de universidades y centros de investigación relacionados con el bambú riuci;3615
universidade federal do ceará;3616
manav rachna university;3617
fundação universidade regional de blumenau (f;3618
vlaamse instelling voor technologisch onderzoek ;3619
mines saint-etienne;3620
telecom sud paris;3621
escuelas afiliadas al imt;3622
vlaamse instelling voor technologisch onderzoek ;3623
universidade federal do amapá -;3624
universidade estadual do maranhão;3625
universidade federal do tocantins;3626
universidade federal rural do rio de janeiro;3627
pontificia universidade catolica do rio grande do sul (pucrs);3628
universidad privada del norte;3629
instituto politécnico nacional de los estados unidos mexicanos;3630
universidad católica santo toribio de mogrovejo- usat;3631
university of florida;3632
universidade estadual paulista júlio de mesquita filho (unesp);3633
ecole nationale superieure d'arts et metiers;3634
circuito de movilidad académica del sue;3635
programa sigueme - posgrados;3636
universidade de são paulo (usp) - escola superior de agricultura luis de queiroz (esalq);3637
cube ventures;3638
synopsys inc;3639
crezgo;3640
aurora latam;3641
voy yo;3642
globogestion & asociados s a s;3643
fresco;3644
empresas publicas de medellín;3645
rappi;3646
siemens energy;3647
trimi s.a.s;3648
virufy;3649
clemson university;3650
asociación colombiana de facultades de ciencias;3651
instituto de investigación de recursos biológicos;3652
institución universitaria itm;3653
klimaforum latinoamérica network kln;3654
corporación simbiosis;3655
parque tecnológico de antioquia s.a;3656
papeles nacionales s.a;3657
alsea colombia;3658
anton paar colombia;3659
ministerio de ciencia tecnología e innovación;3660
cipresa ltda;3661
corporación universitaria santa rosa de cabal;3662
l'institut de recherche et de développement en agroenvironnement;3663
eidgenössische technische hochschule zürich;3664
swiss federal institute of aquatic science and technology;3665
institute for systems and computer engineering, technology and science;3666
chalmers university of technology;3667
university of arkansas;3668
analytical mechanics associates;3669
école nationale supérieure du pétrole et des moteurs;3670
creighton university heider college of business;3671
ecosavia;3672
khymós s.a.s.;3673
technip energies;3674
omya;3675
georgia institute of technology;3676
daad german academic exchange service;3677
anglogold ashanti colombia;3678
fanalca s.a;3679
qiip;3680
bemus soluciones innovadoras colombia;3681
powwi - pagos gde s.a.;3682
prometeo openbanking;3683
imbera cooling;3684
responsabilidad integral s.a.;3685
coburg hochschule;3686
université bretagne sud;3687
féderation guy-lussac;3688
state key laboratory of virtual reality technology and systems;3689
rockhurst;3690
ecole polytechnique;3691
sunny app s.a.s.;3692
schneider electric de colombia s.a.s;3693
orientar;3694
universidad nacional de colombia;76
universidad nacionalde colombia;76
universidad nacional de cololombia;76
corporación universidad piloto de colombia;93
universidad tecnologica de bolivar;3695
unisersidad tecnologica de bolivar;3695
universidad distrital francisco jose de caldas;68
univerdidad distrital francisco jose de caldas;68
corporación universitaria del meta - unimeta;114
universidad del rosario;2248
fundación universidad autonoma de colombia;35
universidad manuela beltran;108
universidad nacional de colombia, sede manizales;78
universidad intrnacional de la rioja (unir);244
244;244
politecnic grancolombiano;152
universidad nacional de colombia sede bogotá;76
universidad católica de colombia - sede bogotá;127
universidad nacional sede bogotá;76
servicio nacional de aprendizaje sena;99
universidad distrital fransisco jose de caldas;68
universidad santo tomás de villavicencio;115
escuela superior diseno de barcelona;3696
un iversidad distrital francisco jose de caldas;68
universidad nacional de colombia sede manizales;78
universidad santo tomas;115
universidad de bogotá jorge tadeo lozano;110
universidad de america;3697
universidad industrial de santander uis;111
universidad nacional de colombia sede medellin;77
universidad pedagógica nacional de colombia;85
"escuela militar de aviación “marco fidel suárez”";141
universidad industrial de santader;111
escuela de ingenieros militares - esing;126
universidad nacional de colombia, sede bogotá;76
universidad catolica de colombia;127
universidad militarr nueva granada;106
corporación universidataria minuto de dios;8
fundación universitaria compensar;1190
escuela colombiana de ingeniería julio garavito y universidad del rosario;39
servicio nacional de aprendizaje - sena;99
universidad nacional abierta y a distancia - unad;180
universidad pedagógica y tecnológica de colombia - uptc;85
universidad libre seccional cúcuta;3698
universidad de la rioja unir;244
universidad nacional abierta y a distancia unad;180
universidad pontifica bolivariana;36
unviersidad colegio mayor de cundinamarca;72
unviersidad central;123
la escuela superior de administración pública;27
fundación universitaria san martin;34
escual colombiana de ingeniería juli garavito;39
politecnico grancolombiano;152
mintic - correlation one;533
universidad de edimburgo;2289
universidad nacional de colombia - sede bogota;76
universidad de cadíz;3699
universidad ecci;140
universidad de la salle - bogotá d.c.;165
pontificia universidad javeriana de colombia;36
colegio mayor de nuestra señora del rosario (universidad del rosario);28
colegio mayor de nuestra señora del rosario (universidad del rosario);28
28;28
escuela militar de aviación marco fidel suarez;141
universidas cooperativa de colombia sede bogota;105
escuela superior de guerra \"general rafael reyes prieto\";
2437;2437
universidad de los andes - venezuela;3607
universidad el bosque;66
universidad autonoma de bucaramanga;40
universidad de la salle - sede bogotá;165
universidad de la salle, sede bogotá;165
escuela colombiana de carreras industriales (ecci);140
140;140
universidad santotomas seccional tunja;115
fundación universitaria monserrate;3700
universida catolica de manizales;127
universidad nacional de méxico;63
universidad escuela colombiana de ingeniería julio garavito;39
universidad pedagogica y tecnologica de colombia;85
politecnico gran colombiano;152
universidad santo tomas de aquino;115
servicio nacional de aprendizaje  - sena;99
univiersidad nacional de colombia;76
escuela colombiana de carreras industriales (ecci);140
universidad nacional de colombia- sede bogotá;76
universidad santo tomas de aquino - tunja;115
universidad santo tomas de aquino -tunja;115
universidad de san buenaventura bogota;130
univerdiad del cauca;70
escuela de ingenieros de antioquia;3702
simplon.co;3703
3704;3704
correlation one / mintic colombia;533
universidad industrial de santander / mintic;533
universidad pedogógica y tecnológica de colombia;85
universidad técnica de munich;2194
universidad internacional sek;3705
universidad técnica de cotopaxi;3706
corporación universitaria minuto de dios - uniminuto;8
institución de educación superior "itfip";3707
fundacion universidad del norte;143
institución de educacion superior "itfip";3707
universidad nacional autónoma de honduras;3708
universidad snto tomás de aquino;115
universidad santo tomás de aquino;115
instituto técnico central de la salle;165
instituto politécnico de leiria;3701
universidad del mar;3709
universidad francisco de paula santander ocaña;69
corporacion universitaria minuto de dios;8
universidad nacional de colombia sede palmira;79
fundacion universitaria los libertadores;125
universidad nacional - sede bogotá;76
universidad ean;26
la escuela de logística del ejercito nacional;3331
el servicio nacional de aprendizaje sena;99
universidad tecnologica del choco;3710
universidad pedagógica y tecnologica de colombia;85
fundación universidad de america;3697
pontificia universidad javeriana bogotá d.c.;36
institución de educación superior itfip;3707
eadic - universidad catolica de murcia;134
corporacion universitaria minuto de dios - uniminuto;8
escuela tecnologica instituto tecnico central;142
escuela superior de administracion publica;27
escuela colombiana de ingeniería julio garavito - universidad del rosario;39
univerdad nacional de colombia;76
universidad nacional de colombia - sede bgotá;76
universidad nacional de colombis;76
fundación universidad america;3697
university of california, irvine;273
fundacion universidad autonoma de colombia;35
escuela colombia de ingeniería julio garavito;39
universidad de bogota jorge tadeo lozano;110
universidad nacional de colombia, sede bogota;76
hochschule hannover;3711
universidad nacional de colombia - sede medellin;77
universidad sergio arnboleda;184
universidad de los andes, bogotá, colombia;94
universidad toulouse iii - paul sabatier toulouse francia;267
universidad de la sorbonne (parís 6) parís francia;3712
3712;3712
la universidad popular del cesar;182
escuela colombiana de ingeniería julio garavito y el colegio mayor de nuestra señora del rosario;39
universidad nacional de colombia sede medellín;77
universidad nacional de colombia sede bogota;76
coursera deeplearning.ai;1915
fundación universitaria uninpahu;893
universidad nacional de colombia - bogotá;76
universidad nacional de colombia sede bogotà;76
universitaria de investigación y desarrollo udi;1849
universidad ¨piloto de colombia;93
fundacion universitaria san martin;34
universidad escuela colombiana de carreras industriales ecci;140
univesidad escuela de carreras industriales ecci;140
universidad de la amazonia;163
laboratorio de referencia en hemostasia;3713
unversidad militar nueva granada;106
universidad tecnológica de pereira - mintic 2022;533
universidad de ciencias aplicadas y ambientales  u.d.c.a.;136
universidad eeci;140
universidad pedagógica y tecnológica de colombia-uptc seccional sogamoso;85
facultad latinoamericana de ciencias sociales - flacso (sede argentina);2160
2160;2160
universidad de ciencias aplicadas y ambientales u.d.c.a;136
universidad ean escuela de administración de negocios;26
universidad libre de colombia  seccional barranquilla;107
universidad de la costa cuc;119
escuela colombiana de ingenieros julio garavito;39
gestión de proyectos civiles y fabián_geomática;1
inesa tech;3714
sena (servicio nacional de aprendizaje);99
99;99
uptc universidad pedagógica y tecnológica de colombia;85
corporación universitario minuto de dios;8
tecnologico de monterrey campus moterrey;59
universida nacional de colombia;76
universidad del sinú;173
universidad militar "nueva granada";106
universidad nacional sede manizales;78
universidad santo tomas - seccional tunja;115
corporacion universitaria de la costa cuc;119
universidad santo tomas sede villavicencio;115
universidad delos andes;94
universidad de la sallle;165
corporación universitaria de la costa cuc;119
instituto superior politécnico josé antonio echeverria;51
institucion universitario de envigado;151
universidad nacional de colombia -sede bogotá;76
escuela superior politecnica de chimborazo;3715
universidad de medellin;166
institución universitaria salazar y herrera;3716
universidad agraría de colombia;144
universida industrial de santander;111
universidad del atlantico;3717
universidad tecnologica de pereira;132
universidad tecnológica de bolívar;138
universidad tecnológica bolívar;138
univesidad nacional de colombia;76
universidad de las fuerzas armadas espe;1887
fundación universidad agraria - uniagraria;144
universidad industrial de santander - uis;111
fundación universitaria panamericana - unipanamericana;73
universidade federal de ouro preto - ufop;362
consejo facultad de ingeniería universidad nacional de colombia, sede bogotá.;76
universidad de boyacá - uniboyaca;146
corporación universitaria de la costa - cuc;119
universidad pontificia comillas - icai;3371
corporación universitaria de ciencias aplicadas y ambientales - udca;136
icontec;2652
instituto de extensión e investigación -iei facultad de ingeniería universidad nacional de colombia - sede bogota;76
universidad nacional de colombia sede bogota- facultad de ingeniería;76
universidad de la sabana - convenio arl positiva;129
cedesarrollo comfenalco;3718
universidad santa maria;3373
asociación colombiana para el avance de la ciencia, acac;2554
instituto de extensión e investigación -iei- facultad de ingeniería - universidad nacional de colombia;76
colegio de estudios superiores de administración - cesa;25
univerdad católica de colombia;127
escuela superior de administración pública esap;27
ictp saifr;3340
google cloud;606
escuela de administracion de negocios;26
universidad distrital "francisco jose de caldas";68
universidad de guanajauto;3364
universidad estadual paulista - unesp;3633
escuela de negocios european open business school (eobs) con convenio con la universidad rey juan carlos;
252;252
universidad abierta de cataluña;76
universidad de sao paulo, brasil;236
universidad colegio mayor nuestra señora del rosario;28
colegio mayor de nuestra señora del rosario - universidad del rosario;28
universidad distrital franciso josé de caldas;68